"mother_age_group","partner_age_group","p","p_lower","p_higher","se","n","uf"
"50-59","60-69",0.270443188944178,0.174528864587109,0.366357513301248,0.0489367789988128,99,"11"
"40-49","60-69",0.0390879648003042,0.00796371132378905,0.0702122182768193,0.015880012960452,136,"11"
"30-39","60-69",0.0129854062879247,-0.0105722404687931,0.0365430530446424,0.0120194283887548,155,"11"
"60-69","60-69",0.468603148257493,0.296376087004457,0.640830209510529,0.0878725642978858,50,"11"
"20-29","60-69",0,0,0,0,119,"11"
"70+","60-69",0.114763992089868,-0.0344635399437658,0.263991524123501,0.0761378949872147,28,"11"
"10-19","60-69",0,0,0,0,24,"11"
"50-59","50-59",0.539542163085451,0.407614344708878,0.671469981462023,0.0673113482784389,99,"11"
"40-49","50-59",0.356440751953833,0.260614560637372,0.452266943270295,0.048891812335495,136,"11"
"30-39","50-59",0.0938023354562293,0.03772142514699,0.149883245765469,0.0286132351163585,155,"11"
"60-69","50-59",0.189025627692482,0.0515160221480405,0.326535233236923,0.070159251205175,50,"11"
"20-29","50-59",0,0,0,0,119,"11"
"70+","50-59",0.0219507899358955,-0.0212995957966794,0.0652011756684704,0.0220669288179418,28,"11"
"10-19","50-59",0.0214624324800236,-0.0214525671113153,0.0643774320713624,0.0218958102954171,24,"11"
"50-59","30-39",0.052118624698138,-0.00605527460049402,0.11029252399677,0.0296811062639417,99,"11"
"40-49","30-39",0.122259142783954,0.0530361958243219,0.191482089743585,0.0353184790667857,136,"11"
"30-39","30-39",0.509121581610338,0.411609568244894,0.606633594975781,0.049751941430866,155,"11"
"60-69","30-39",0,0,0,0,50,"11"
"20-29","30-39",0.482638496473146,0.377679926709782,0.58759706623651,0.0535512747128335,119,"11"
"70+","30-39",0,0,0,0,28,"11"
"10-19","30-39",0.330799683378911,0.0577141690400679,0.603885197717755,0.139331904306868,24,"11"
"50-59","40-49",0.0861025902006638,0.0181466685822792,0.154058511819048,0.0346720256874168,99,"11"
"40-49","40-49",0.450721629220742,0.346258155157375,0.555185103284108,0.0532986702242293,136,"11"
"30-39","40-49",0.303508533393927,0.211900869500068,0.395116197287786,0.0467394628760777,155,"11"
"60-69","40-49",0.0549369111488135,-0.00166061022711435,0.111534432524741,0.0288768170345791,50,"11"
"20-29","40-49",0.0485478856190494,0.0156714649126629,0.0814243063254359,0.0167739922599147,119,"11"
"70+","40-49",0,0,0,0,28,"11"
"10-19","40-49",0,0,0,0,24,"11"
"50-59","20-29",0.00662182709332177,-0.00643022928174319,0.0196738834683867,0.00665933480309736,99,"11"
"40-49","20-29",0.0102433096058471,-0.010003091542312,0.0304897107540062,0.0103299863200855,136,"11"
"30-39","20-29",0.080582143251581,0.0315361428822478,0.129628143620914,0.0250239293967653,155,"11"
"60-69","20-29",0,0,0,0,50,"11"
"20-29","20-29",0.458207871941821,0.351860797443939,0.564554946439702,0.0542597085133878,119,"11"
"70+","20-29",0,0,0,0,28,"11"
"10-19","20-29",0.414926250147705,0.183804269608019,0.646048230687392,0.117921544662426,24,"11"
"50-59","70+",0.0451716059782474,-0.011178645346254,0.101521857302749,0.0287506565268469,99,"11"
"40-49","70+",0.0212472016353202,-0.0201123759896829,0.0626067792603233,0.0211022130769964,136,"11"
"30-39","70+",0,0,0,0,155,"11"
"60-69","70+",0.287434312901212,0.142146075541691,0.432722550260732,0.0741280138336908,50,"11"
"20-29","70+",0,0,0,0,119,"11"
"70+","70+",0.863285217974237,0.709427865816148,1.01714257013233,0.0785000915178524,28,"11"
"10-19","70+",0,0,0,0,24,"11"
"50-59","10-19",0,0,0,0,99,"11"
"40-49","10-19",0,0,0,0,136,"11"
"30-39","10-19",0,0,0,0,155,"11"
"60-69","10-19",0,0,0,0,50,"11"
"20-29","10-19",0.0106057459659837,-0.0101112237507202,0.0313227156826875,0.0105700767361628,119,"11"
"70+","10-19",0,0,0,0,28,"11"
"10-19","10-19",0.23281163399336,-0.0159668865841838,0.481590154570903,0.12693014899247,24,"11"
"50-59","60-69",0.203838004320601,0.118782124201201,0.28889388444,0.0433966546274879,92,"12"
"40-49","60-69",0.0247826371725209,0.000180440231590501,0.0493848341134512,0.0125523719491732,143,"12"
"30-39","60-69",0.0163371034828754,-0.00379094034231315,0.036465147308064,0.0102695988211804,162,"12"
"60-69","60-69",0.546729499402774,0.413202142693232,0.680256856112315,0.0681274542607864,58,"12"
"20-29","60-69",0.00701161035876428,-0.00657669791156441,0.020599918629093,0.00693293773636227,130,"12"
"70+","60-69",0.0901672845045738,-0.0345625456847516,0.214897114693899,0.0636388378425208,19,"12"
"10-19","60-69",0,0,0,0,15,"12"
"50-59","50-59",0.491326802373397,0.394937321717488,0.587716283029307,0.0491792101366239,92,"12"
"40-49","50-59",0.256725698491973,0.184750654665514,0.328700742318432,0.036722635923001,143,"12"
"30-39","50-59",0.0595410146941637,0.0136199333246311,0.105462096063696,0.0234295536712675,162,"12"
"60-69","50-59",0.13170577531866,0.0383337197146855,0.225077830922635,0.0476396792698649,58,"12"
"20-29","50-59",0.053655229230012,0.00881800717643386,0.0984924512835902,0.0228765540628544,130,"12"
"70+","50-59",0.0707224087117126,-0.0618299917287105,0.203274809152136,0.0676300184523693,19,"12"
"10-19","50-59",0,0,0,0,15,"12"
"50-59","30-39",0.0190794865742504,-0.0102059562152393,0.0483649293637401,0.0149418270031947,92,"12"
"40-49","30-39",0.152922759771947,0.0875859372121102,0.218259582331784,0.0333357261027272,143,"12"
"30-39","30-39",0.421923767468512,0.340862959103119,0.502984575833905,0.041358315257214,162,"12"
"60-69","30-39",0,0,0,0,58,"12"
"20-29","30-39",0.367153547702885,0.279216810545813,0.455090284859956,0.044866506655584,130,"12"
"70+","30-39",0,0,0,0,19,"12"
"10-19","30-39",0.143106279685717,-0.0224298394980908,0.308642398869526,0.0844587556146623,15,"12"
"50-59","40-49",0.149314708805461,0.0777833066004145,0.220846111010507,0.0364962839977046,92,"12"
"40-49","40-49",0.499636671368221,0.418777683897254,0.580495658839188,0.0412553435209895,143,"12"
"30-39","40-49",0.3687482032665,0.285641547294394,0.451854859238606,0.0424021342369763,162,"12"
"60-69","40-49",0.0604037038343911,0.00108671801143156,0.119720689657351,0.0302643243910829,58,"12"
"20-29","40-49",0.102723647035689,0.0470017135104564,0.158445580560921,0.0284300803304346,130,"12"
"70+","40-49",0,0,0,0,19,"12"
"10-19","40-49",0,0,0,0,15,"12"
"50-59","20-29",0.0126949220881914,-0.0122454871542742,0.0376353313306571,0.012724932416714,92,"12"
"40-49","20-29",0.0616480745030791,0.0181989906220271,0.105097158384131,0.0221683072871608,143,"12"
"30-39","20-29",0.112821371693237,0.0583391533119075,0.167303590074566,0.0277975609812618,162,"12"
"60-69","20-29",0,0,0,0,58,"12"
"20-29","20-29",0.460048353899606,0.367364461567381,0.55273224623183,0.0472885691080566,130,"12"
"70+","20-29",0,0,0,0,19,"12"
"10-19","20-29",0.669669457072374,0.398524999745667,0.940813914399082,0.138341550898619,15,"12"
"50-59","70+",0.123746075838099,0.0476807294508924,0.199811422225306,0.0388095633323879,92,"12"
"40-49","70+",0.00428415869225923,-0.00415806645711644,0.0127263838416349,0.00430733687759922,143,"12"
"30-39","70+",0.0206285393947122,-0.00904151927765634,0.0502985980670807,0.0151380632023865,162,"12"
"60-69","70+",0.261161021444175,0.149861823793109,0.372460219095242,0.0567863483864911,58,"12"
"20-29","70+",0,0,0,0,130,"12"
"70+","70+",0.839110306783714,0.665545793686059,1.01267481988137,0.0885549502269987,19,"12"
"10-19","70+",0,0,0,0,15,"12"
"50-59","10-19",0,0,0,0,92,"12"
"40-49","10-19",0,0,0,0,143,"12"
"30-39","10-19",0,0,0,0,162,"12"
"60-69","10-19",0,0,0,0,58,"12"
"20-29","10-19",0.00940761177304438,-0.00435081935093853,0.0231660428970273,0.00701973670562707,130,"12"
"70+","10-19",0,0,0,0,19,"12"
"10-19","10-19",0.187224263241908,-0.0568418593830702,0.431290385866887,0.124525820142687,15,"12"
"50-59","60-69",0.327442261694887,0.244691580672635,0.410192942717139,0.0422205110272325,137,"13"
"40-49","60-69",0.0794181002251095,0.0389684525099591,0.11986774794026,0.0206379545921313,189,"13"
"30-39","60-69",0.0151554877856443,0.00195280433237068,0.0283581712389179,0.00673618676537665,285,"13"
"60-69","60-69",0.537821401995834,0.407135736761551,0.668507067230117,0.0666775850296817,84,"13"
"20-29","60-69",0.00190077588959165,-0.00186897212604207,0.00567052390522538,0.00192337616679134,179,"13"
"70+","60-69",0.156881047137064,0.032170814604032,0.281591279670096,0.0636288388545557,34,"13"
"10-19","60-69",0,0,0,0,26,"13"
"50-59","50-59",0.480168646885849,0.39157429060969,0.568763003162007,0.0452020327796731,137,"13"
"40-49","50-59",0.223795353141132,0.152107060013573,0.295483646268691,0.0365763318576397,189,"13"
"30-39","50-59",0.0567171012792425,0.0286213780469539,0.0848128245115311,0.0143348160751443,285,"13"
"60-69","50-59",0.125220562744569,0.0478471711608726,0.202593954328266,0.0394769455939028,84,"13"
"20-29","50-59",0.0225960492415763,-0.00287869373648404,0.0480707922196367,0.0129975566791032,179,"13"
"70+","50-59",0.0103619553382976,-0.0100572686292348,0.0307811793058301,0.0104181628481935,34,"13"
"10-19","50-59",0,0,0,0,26,"13"
"50-59","30-39",0.0357847680546412,0.00339510463705332,0.0681744314722291,0.0165256421409135,137,"13"
"40-49","30-39",0.208023588356483,0.141639134321331,0.274408042391635,0.0338702417793306,189,"13"
"30-39","30-39",0.476969865619826,0.412838993773497,0.541100737466155,0.0327204338203074,285,"13"
"60-69","30-39",0,0,0,0,84,"13"
"20-29","30-39",0.405816535786875,0.323145751042292,0.488487320531457,0.0421797468712074,179,"13"
"70+","30-39",0,0,0,0,34,"13"
"10-19","30-39",0.0848459106447064,-0.0325187172792716,0.202210538568684,0.0598810125337686,26,"13"
"50-59","40-49",0.118349070204101,0.0629635725469813,0.173734567861222,0.0282584262231316,137,"13"
"40-49","40-49",0.475745785952199,0.391103053304195,0.560388518600202,0.0431858612278871,189,"13"
"30-39","40-49",0.339381320470349,0.275425716499377,0.403336924441322,0.0326310097917339,285,"13"
"60-69","40-49",0.0274146912271913,-0.0105239028716707,0.0653532853260533,0.0193567812460417,84,"13"
"20-29","40-49",0.0814331208296062,0.0334892237507563,0.129377017908456,0.0244616214670398,179,"13"
"70+","40-49",0.0743129924731662,-0.0145705402290166,0.163196525175349,0.0453495744836562,34,"13"
"10-19","40-49",0.0691065797342191,-0.0616835405870427,0.199896700055481,0.0667308794207024,26,"13"
"50-59","20-29",0,0,0,0,137,"13"
"40-49","20-29",0.0130171723250778,-0.00299007010114544,0.029024414751301,0.00816711049411433,189,"13"
"30-39","20-29",0.093219792831559,0.0574383732428253,0.129001212420293,0.0182561617820393,285,"13"
"60-69","20-29",0,0,0,0,84,"13"
"20-29","20-29",0.476851791729848,0.383979356004415,0.569724227455281,0.047384766484486,179,"13"
"70+","20-29",0,0,0,0,34,"13"
"10-19","20-29",0.643071710836001,0.452063490595557,0.834079931076444,0.0974549643499024,26,"13"
"50-59","70+",0.0382552531605223,0.00765712226065497,0.0688533840603897,0.0156115781418544,137,"13"
"40-49","70+",0,0,0,0,189,"13"
"30-39","70+",0.0143025454639445,-0.00438473117469068,0.0329898221025796,0.00953450001430538,285,"13"
"60-69","70+",0.309543344032406,0.168481439246152,0.450605248818661,0.0719716820813713,84,"13"
"20-29","70+",0,0,0,0,179,"13"
"70+","70+",0.758444005051472,0.611102352058852,0.905785658044092,0.0751756941223573,34,"13"
"10-19","70+",0,0,0,0,26,"13"
"50-59","10-19",0,0,0,0,137,"13"
"40-49","10-19",0,0,0,0,189,"13"
"30-39","10-19",0.00425388654943561,-0.00404603539610442,0.0125538084949756,0.00423473186803878,285,"13"
"60-69","10-19",0,0,0,0,84,"13"
"20-29","10-19",0.011401726522504,-0.00320428117595234,0.0260077342209603,0.0074521816796975,179,"13"
"70+","10-19",0,0,0,0,34,"13"
"10-19","10-19",0.202975798785074,0.0438974127197798,0.362054184850368,0.0811639332763684,26,"13"
"50-59","60-69",0.303979459049022,0.175091267716759,0.432867650381284,0.0657604896564,100,"14"
"40-49","60-69",0.0783401454667216,0.00689749169087228,0.149782799242571,0.0364510033548473,124,"14"
"30-39","60-69",0.0324474887535217,0.00529070994295218,0.0596042675640911,0.0138557539958789,176,"14"
"60-69","60-69",0.597645348137306,0.452485280733426,0.742805415541186,0.0740626197975494,45,"14"
"20-29","60-69",0,0,0,0,132,"14"
"70+","60-69",0.0248795881189168,-0.0246427382698249,0.0744019145076585,0.0252669573417509,18,"14"
"10-19","60-69",0,0,0,0,28,"14"
"50-59","50-59",0.493887802713933,0.365237164963659,0.622538440464208,0.065639286622129,100,"14"
"40-49","50-59",0.265052324173957,0.188040840874448,0.342063807473466,0.0392922951171379,124,"14"
"30-39","50-59",0.0472097227858116,0.0178584583635419,0.0765609872080813,0.0149754100859958,176,"14"
"60-69","50-59",0.0292079066020027,-0.0280654157733817,0.0864812289773872,0.0292216197987051,45,"14"
"20-29","50-59",0.0222773522690757,-0.00285192684621898,0.0474066313843703,0.012821296367439,132,"14"
"70+","50-59",0.0108365967650569,-0.0111281879669931,0.0328013814971069,0.0112067287487451,18,"14"
"10-19","50-59",0,0,0,0,28,"14"
"50-59","30-39",0.0482648690133702,0.00578020740221312,0.0907495306245272,0.0216762460669026,100,"14"
"40-49","30-39",0.170560413435643,0.0889294860979011,0.252191340773386,0.0416491976289547,124,"14"
"30-39","30-39",0.531610194657041,0.452969405167337,0.610250984146746,0.0401235890608261,176,"14"
"60-69","30-39",0,0,0,0,45,"14"
"20-29","30-39",0.281396146135553,0.18803262362223,0.374759668648875,0.047635325572185,132,"14"
"70+","30-39",0,0,0,0,18,"14"
"10-19","30-39",0.183746122758418,0.00905569951844282,0.358436545998394,0.0891294047328989,28,"14"
"50-59","40-49",0.147047346994359,0.0650514919095538,0.229043202079165,0.0418353886763115,100,"14"
"40-49","40-49",0.45147750977361,0.346153361260301,0.556801658286919,0.0537377979106211,124,"14"
"30-39","40-49",0.292743742758861,0.229173306840924,0.356314178676797,0.0324344918678977,176,"14"
"60-69","40-49",0.0339958346116433,-0.0320636181669123,0.100055287390199,0.0337044217646978,45,"14"
"20-29","40-49",0.0988198816997063,0.0349629631736671,0.162676800225746,0.0325806591497265,132,"14"
"70+","40-49",0,0,0,0,18,"14"
"10-19","40-49",0,0,0,0,28,"14"
"50-59","20-29",0,0,0,0,100,"14"
"40-49","20-29",0.0345696071500685,0.000296021187597251,0.0688431931125398,0.0174868447751168,124,"14"
"30-39","20-29",0.0869949799056553,0.0335702931416523,0.140419666669658,0.0272579941189788,176,"14"
"60-69","20-29",0,0,0,0,45,"14"
"20-29","20-29",0.597506619895666,0.509578365110361,0.685434874680971,0.044862178835362,132,"14"
"70+","20-29",0,0,0,0,18,"14"
"10-19","20-29",0.728020880035541,0.555508932041037,0.900532828030045,0.088017917347082,28,"14"
"50-59","70+",0.0068205222293164,-0.00666318217678217,0.020304226635415,0.00687956743718574,100,"14"
"40-49","70+",0,0,0,0,124,"14"
"30-39","70+",0.00447276997972284,-0.00429000083649488,0.0132355407959406,0.00447088359038091,176,"14"
"60-69","70+",0.339150910649048,0.195767701094275,0.482534120203822,0.0731560430118931,45,"14"
"20-29","70+",0,0,0,0,132,"14"
"70+","70+",0.964283815116026,0.909677641074468,1.01888998915758,0.0278608048271726,18,"14"
"10-19","70+",0,0,0,0,28,"14"
"50-59","10-19",0,0,0,0,100,"14"
"40-49","10-19",0,0,0,0,124,"14"
"30-39","10-19",0.00452110115938723,-0.00432641832037814,0.0133686206391526,0.0045141234989793,176,"14"
"60-69","10-19",0,0,0,0,45,"14"
"20-29","10-19",0,0,0,0,132,"14"
"70+","10-19",0,0,0,0,18,"14"
"10-19","10-19",0.0882329972060407,-0.0352424309896303,0.211708425401712,0.0629988250649652,28,"14"
"50-59","60-69",0.271838028693822,0.198154333701334,0.34552172368631,0.0375944127410991,152,"15"
"40-49","60-69",0.0584442560347533,0.0208975992191515,0.0959909128503552,0.0191568095698519,223,"15"
"30-39","60-69",0.00661159267461108,-0.000322343642008282,0.0135455289912304,0.00353778761819777,286,"15"
"60-69","60-69",0.509909332890948,0.396976570329265,0.62284209545263,0.0576198151866472,112,"15"
"20-29","60-69",0,0,0,0,224,"15"
"70+","60-69",0.0900996536232205,0.0178115954942634,0.162387711752178,0.0368823400323456,51,"15"
"10-19","60-69",0,0,0,0,31,"15"
"50-59","50-59",0.474012238250734,0.374195002722089,0.573829473779378,0.0509280967997321,152,"15"
"40-49","50-59",0.306311766752428,0.235233021934859,0.377390511569997,0.0362653321072374,223,"15"
"30-39","50-59",0.0526031093143441,0.0229582982859501,0.0822479203427381,0.015125181514675,286,"15"
"60-69","50-59",0.160991109858418,0.0870667144455065,0.234915505271329,0.0377172213346865,112,"15"
"20-29","50-59",0.00207840858031863,-0.00206218230127922,0.00621899946191648,0.00211258518741074,224,"15"
"70+","50-59",0.0163594359210228,-0.0160914341957221,0.0488103060377678,0.0165568706224774,51,"15"
"10-19","50-59",0,0,0,0,31,"15"
"50-59","30-39",0.0368410667450657,-0.00528537354877597,0.0789675070389073,0.021493476730251,152,"15"
"40-49","30-39",0.108622596510918,0.0601576498235788,0.157087543198256,0.0247274679890162,223,"15"
"30-39","30-39",0.548923715097176,0.476317600612583,0.621529829581769,0.0370446166650514,286,"15"
"60-69","30-39",0.0117242839393028,-0.0110470311199952,0.0344955989986008,0.0116182313751249,112,"15"
"20-29","30-39",0.437358995997262,0.353858423496787,0.520859568497737,0.042603115750655,224,"15"
"70+","30-39",0,0,0,0,51,"15"
"10-19","30-39",0.0427992117508006,-0.0151160185079288,0.10071444200953,0.0295491298388937,31,"15"
"50-59","40-49",0.166711715386792,0.0958746678553955,0.237548762918189,0.03614201489933,152,"15"
"40-49","40-49",0.512050413387593,0.443476604636178,0.580624222139008,0.0349872800175495,223,"15"
"30-39","40-49",0.297835456564078,0.236264680302964,0.359406232825192,0.0314142386017174,286,"15"
"60-69","40-49",0.0232945626825165,-0.0054717132492818,0.0520608386143147,0.0146769410860113,112,"15"
"20-29","40-49",0.0449261906184608,0.0198077842080485,0.0700445970288732,0.0128157489670949,224,"15"
"70+","40-49",0,0,0,0,51,"15"
"10-19","40-49",0,0,0,0,31,"15"
"50-59","20-29",0.0139913207856378,-0.00647707544576101,0.0344597170170366,0.0104432511989256,152,"15"
"40-49","20-29",0.0078981095401677,-0.00113301595893459,0.01692923503927,0.00460780176081737,223,"15"
"30-39","20-29",0.0855282060541236,0.0499171674654339,0.121139244642813,0.0181692311030126,286,"15"
"60-69","20-29",0.00695234714282887,-0.00670146526832398,0.0206061595539817,0.00696635883049504,112,"15"
"20-29","20-29",0.508665666217363,0.426563525832207,0.590767806602518,0.0418896168668235,224,"15"
"70+","20-29",0,0,0,0,51,"15"
"10-19","20-29",0.770030358348826,0.597104190970122,0.94295652572753,0.08822925765102,31,"15"
"50-59","70+",0.036605630137948,0.00518079168964988,0.0680304685862461,0.016033375458005,152,"15"
"40-49","70+",0.00667285777414055,-0.000960207028489382,0.0143059225767705,0.00389449237987972,223,"15"
"30-39","70+",0.00849792029566667,-0.00772019245541719,0.0247160330467505,0.00827469937152431,286,"15"
"60-69","70+",0.287128363485986,0.181214853349582,0.393041873622389,0.0540384981417188,112,"15"
"20-29","70+",0,0,0,0,224,"15"
"70+","70+",0.893540910455756,0.812883285326595,0.974198535584918,0.0411526057444824,51,"15"
"10-19","70+",0,0,0,0,31,"15"
"50-59","10-19",0,0,0,0,152,"15"
"40-49","10-19",0,0,0,0,223,"15"
"30-39","10-19",0,0,0,0,286,"15"
"60-69","10-19",0,0,0,0,112,"15"
"20-29","10-19",0.00697073858659596,-0.00282742439209695,0.0167689015652889,0.00499915460487007,224,"15"
"70+","10-19",0,0,0,0,51,"15"
"10-19","10-19",0.187170429900373,0.0199602610005015,0.354380598800245,0.085312878307359,31,"15"
"50-59","60-69",0.433487485172424,0.269887123312907,0.597087847031941,0.0834711061784686,44,"16"
"40-49","60-69",0.0516361865070853,0.00532180398323313,0.0979505690309375,0.0236302212128254,99,"16"
"30-39","60-69",0.00832884204012221,-0.007753545788709,0.0244112298689534,0.00820545068975095,119,"16"
"60-69","60-69",0.569033440169802,0.380499320545994,0.75756755979361,0.0961926449215093,33,"16"
"20-29","60-69",0.0161233314744056,-0.0079653194259967,0.040211982374808,0.0122903538485455,79,"16"
"70+","60-69",0,0,0,0,10,"16"
"10-19","60-69",0,0,0,0,15,"16"
"50-59","50-59",0.340378784376817,0.199342978002363,0.481414590751271,0.0719583663204663,44,"16"
"40-49","50-59",0.217816061714924,0.131982443969225,0.303649679460623,0.0437934668303823,99,"16"
"30-39","50-59",0.0634779892825098,0.0118776130577268,0.115078365507293,0.0263272063322593,119,"16"
"60-69","50-59",0.148718396564031,0.0129060717727485,0.284530721355314,0.0692932757247343,33,"16"
"20-29","50-59",0.0134138089579374,-0.0123478820164533,0.0391754999323282,0.0131439614082686,79,"16"
"70+","50-59",0.0474691190433699,-0.0520937248202454,0.147031962906985,0.0507983027489047,10,"16"
"10-19","50-59",0,0,0,0,15,"16"
"50-59","30-39",0.0842904882645351,-0.0437085681843133,0.212289544713383,0.0653068410738609,44,"16"
"40-49","30-39",0.0950533010628883,0.0300281319536991,0.160078470172078,0.0331767163183097,99,"16"
"30-39","30-39",0.538115507979072,0.417090497298007,0.659140518660136,0.0617485890739292,119,"16"
"60-69","30-39",0.0748102797180456,-0.0635593926907409,0.213179952126832,0.0705980688932189,33,"16"
"20-29","30-39",0.250787594414236,0.100894241414018,0.400680947414454,0.0764776058042685,79,"16"
"70+","30-39",0,0,0,0,10,"16"
"10-19","30-39",0.0366685971223894,-0.0369112284995104,0.110248422744289,0.0375414171904627,15,"16"
"50-59","40-49",0.0861214388429068,-0.0113061262453109,0.183549003931125,0.0497088547834113,44,"16"
"40-49","40-49",0.600744668124931,0.474533475871911,0.726955860377951,0.0643946487019956,99,"16"
"30-39","40-49",0.281095213016753,0.194335003243248,0.367855422790258,0.0442662265520481,119,"16"
"60-69","40-49",0.0404527320465175,-0.0181352156790273,0.0990406797720624,0.0298923593431712,33,"16"
"20-29","40-49",0.0280991600028482,-0.00961076527594037,0.0658090852816368,0.0192401113368611,79,"16"
"70+","40-49",0,0,0,0,10,"16"
"10-19","40-49",0,0,0,0,15,"16"
"50-59","20-29",0,0,0,0,44,"16"
"40-49","20-29",0.0270864531383315,-0.00388422197055263,0.0580571282472157,0.0158016552105941,99,"16"
"30-39","20-29",0.0970949304876436,0.0357387896728826,0.158451071302405,0.0313047287086551,119,"16"
"60-69","20-29",0,0,0,0,33,"16"
"20-29","20-29",0.669762517997005,0.484012852779429,0.855512183214581,0.0947719788132567,79,"16"
"70+","20-29",0,0,0,0,10,"16"
"10-19","20-29",0.762710071235082,0.550792136704762,0.974628005765403,0.108123381961047,15,"16"
"50-59","70+",0.0557218033433174,-0.0248621648962587,0.136305771582893,0.0411150250082206,44,"16"
"40-49","70+",0.00766332945183992,-0.00716459392054735,0.0224912528242272,0.00756540604283958,99,"16"
"30-39","70+",0.0118875171938992,-0.0106860213126704,0.0344610557004688,0.0115173231164587,119,"16"
"60-69","70+",0.166985151501604,0.0417802017055904,0.292190101297618,0.063881250259502,33,"16"
"20-29","70+",0,0,0,0,79,"16"
"70+","70+",0.95253088095663,0.852968037093015,1.05209372482025,0.0507983027489047,10,"16"
"10-19","70+",0,0,0,0,15,"16"
"50-59","10-19",0,0,0,0,44,"16"
"40-49","10-19",0,0,0,0,99,"16"
"30-39","10-19",0,0,0,0,119,"16"
"60-69","10-19",0,0,0,0,33,"16"
"20-29","10-19",0.0218135871535674,-0.00953679512796611,0.0531639694351008,0.0159953869197706,79,"16"
"70+","10-19",0,0,0,0,10,"16"
"10-19","10-19",0.200621331642528,-0.00555212884785139,0.406794792132908,0.105192474002915,15,"16"
"50-59","60-69",0.235566420479765,0.122142540872103,0.348990300087428,0.0578703897124313,85,"17"
"40-49","60-69",0.048811687133139,0.00250535272940466,0.0951180215368733,0.0236261149536383,119,"17"
"30-39","60-69",0.00437316181054733,-0.00425782807167403,0.0130041516927687,0.00440364718448987,141,"17"
"60-69","60-69",0.553361556974527,0.432050072308935,0.674673041640119,0.0618947519558938,65,"17"
"20-29","60-69",0.0119381276638833,-0.0111108222447283,0.0349870775724949,0.0117598844113559,103,"17"
"70+","60-69",0.211304654617884,0.0099221099547685,0.412687199280999,0.102748084276851,24,"17"
"10-19","60-69",0,0,0,0,6,"17"
"50-59","50-59",0.611975157441966,0.488572080871017,0.735378234012915,0.0629619102924017,85,"17"
"40-49","50-59",0.357921979536596,0.26749683502599,0.448347124047202,0.0461361255736678,119,"17"
"30-39","50-59",0.0595968778650943,0.0213504599450249,0.0978432957851636,0.0195138371019836,141,"17"
"60-69","50-59",0.0489764242647727,-0.00668031199323731,0.104633160522783,0.028396815807343,65,"17"
"20-29","50-59",0.0246476855180889,-0.00442483595990309,0.0537202069960809,0.0148331916848025,103,"17"
"70+","50-59",0,0,0,0,24,"17"
"10-19","50-59",0,0,0,0,6,"17"
"50-59","30-39",0.0550250584929898,-0.00484132532120497,0.114891442307185,0.0305446346394185,85,"17"
"40-49","30-39",0.16702086378174,0.085175603502158,0.248866124061322,0.0417585531801437,119,"17"
"30-39","30-39",0.579195475355738,0.490546067718745,0.667844882992732,0.0452301207247933,141,"17"
"60-69","30-39",0.0196246894059553,-0.0192169264129229,0.0584663052248336,0.0198175150794892,65,"17"
"20-29","30-39",0.422962819837385,0.321920993598492,0.524004646076278,0.0515528994593258,103,"17"
"70+","30-39",0,0,0,0,24,"17"
"10-19","30-39",0.148423260942392,-0.08764532752407,0.384491849408855,0.120445370592797,6,"17"
"50-59","40-49",0.0764171467907405,0.0106150788516056,0.142219214729875,0.033573100556017,85,"17"
"40-49","40-49",0.397492777511438,0.301655449859107,0.493330105163769,0.0488974942439166,119,"17"
"30-39","40-49",0.334277155902423,0.252079572700834,0.416474739104012,0.0419383130761347,141,"17"
"60-69","40-49",0,0,0,0,65,"17"
"20-29","40-49",0.0858928550264556,0.0138866812047215,0.15789902884819,0.0367385188655045,103,"17"
"70+","40-49",0.019967286302169,-0.0196122534424435,0.0595468260467816,0.0201940137965855,24,"17"
"10-19","40-49",0,0,0,0,6,"17"
"50-59","20-29",0,0,0,0,85,"17"
"40-49","20-29",0.00849521114781862,-0.0033294431250047,0.0203198654206419,0.00603309773347606,119,"17"
"30-39","20-29",0.0225573290661968,-0.00601629793913642,0.0511309560715299,0.0145786490112667,141,"17"
"60-69","20-29",0.00835820821805776,-0.0081390157439645,0.02485543218008,0.00841710566732361,65,"17"
"20-29","20-29",0.449366258554192,0.346436092194358,0.552296424914026,0.0525163560002807,103,"17"
"70+","20-29",0,0,0,0,24,"17"
"10-19","20-29",0.851576739057608,0.615508150591145,1.08764532752407,0.120445370592797,6,"17"
"50-59","70+",0.0210162167945391,-0.0121901745063433,0.0542226080954214,0.0169423476976159,85,"17"
"40-49","70+",0.0202574808892689,-0.00596793971884777,0.0464829014973856,0.0133805625077703,119,"17"
"30-39","70+",0,0,0,0,141,"17"
"60-69","70+",0.354562538725018,0.218936811953159,0.490188265496877,0.0691980709041888,65,"17"
"20-29","70+",0,0,0,0,103,"17"
"70+","70+",0.768728059079947,0.565807860707334,0.97164825745256,0.103532615891527,24,"17"
"10-19","70+",0,0,0,0,6,"17"
"50-59","10-19",0,0,0,0,85,"17"
"40-49","10-19",0,0,0,0,119,"17"
"30-39","10-19",0,0,0,0,141,"17"
"60-69","10-19",0.0151165824116693,-0.0140752110297793,0.0443083758531179,0.0148940458455919,65,"17"
"20-29","10-19",0.00519225339999539,-0.0051079764862122,0.015492483286203,0.00525531589736061,103,"17"
"70+","10-19",0,0,0,0,24,"17"
"10-19","10-19",0,0,0,0,6,"17"
"50-59","60-69",0.242452860891688,0.174186592608511,0.310719129174866,0.0348303687321058,203,"21"
"40-49","60-69",0.0400625609512168,0.0171935844060386,0.062931537496395,0.0116680595794442,279,"21"
"30-39","60-69",0.0261342393337927,0.00841141515945378,0.0438570635081316,0.00904242338845729,387,"21"
"60-69","60-69",0.454255590612136,0.363537652418616,0.544973528805656,0.046285512850793,120,"21"
"20-29","60-69",0,0,0,0,270,"21"
"70+","60-69",0.145367986419136,0.0566915564658811,0.23404441637239,0.045243907874187,66,"21"
"10-19","60-69",0,0,0,0,51,"21"
"50-59","50-59",0.507268459647856,0.427978375821747,0.586558543473965,0.0404548677687645,203,"21"
"40-49","50-59",0.365067088258544,0.299788790745573,0.430345385771515,0.0333058658362489,279,"21"
"30-39","50-59",0.0557437434013654,0.0256261636248789,0.0858613231778519,0.0153663944919652,387,"21"
"60-69","50-59",0.142610236313958,0.0761106884307962,0.20910978419712,0.0339289642093945,120,"21"
"20-29","50-59",0.00531743314119665,-0.0020755516936578,0.0127104179760511,0.00377200034958263,270,"21"
"70+","50-59",0.0509053453823957,-0.00131649100421535,0.103127181769007,0.0266442836697665,66,"21"
"10-19","50-59",0,0,0,0,51,"21"
"50-59","30-39",0.0385944702395909,0.00885376552538305,0.0683351749537988,0.0151741077636113,203,"21"
"40-49","30-39",0.0936477449882505,0.0582544973820147,0.129040992594486,0.0180581112129678,279,"21"
"30-39","30-39",0.50321392464989,0.446207660460771,0.560220188839008,0.0290853631182902,387,"21"
"60-69","30-39",0.0109445282835897,-0.0104256052199126,0.0323146617870921,0.0109033296897633,120,"21"
"20-29","30-39",0.381112366387347,0.313504650998365,0.448720081776328,0.0344943661833903,270,"21"
"70+","30-39",0,0,0,0,66,"21"
"10-19","30-39",0.064716502542568,-0.0111671745427695,0.140600179627905,0.0387168732098642,51,"21"
"50-59","40-49",0.117992502521208,0.0640096639774894,0.171975341064927,0.0275427706679964,203,"21"
"40-49","40-49",0.480679385941699,0.421927585567813,0.539431186315585,0.0299759591693077,279,"21"
"30-39","40-49",0.325684995482249,0.271294978080576,0.380075012883921,0.0277505188006996,387,"21"
"60-69","40-49",0.0497833022372686,-0.000352663085506313,0.0999192675600435,0.0255800441835876,120,"21"
"20-29","40-49",0.0760252480115904,0.0424307659377571,0.109619730085424,0.0171403568324838,270,"21"
"70+","40-49",0,0,0,0,66,"21"
"10-19","40-49",0,0,0,0,51,"21"
"50-59","20-29",0,0,0,0,203,"21"
"40-49","20-29",0.00217498412487233,-0.00223438859165061,0.00658435684139526,0.00224972129656642,279,"21"
"30-39","20-29",0.0892230971327038,0.0576652626186472,0.12078093164676,0.016101231840473,387,"21"
"60-69","20-29",0,0,0,0,120,"21"
"20-29","20-29",0.535064431631471,0.470114755301977,0.600014107960966,0.0331381988862087,270,"21"
"70+","20-29",0,0,0,0,66,"21"
"10-19","20-29",0.862725559750705,0.765769052162081,0.959682067339329,0.0494685149081333,51,"21"
"50-59","70+",0.0936917066996577,0.0492908958720535,0.138092517527262,0.0226538911826095,203,"21"
"40-49","70+",0.0183682357354165,0.00142830358206359,0.0353081678887695,0.00864298134403131,279,"21"
"30-39","70+",0,0,0,0,387,"21"
"60-69","70+",0.342406342553048,0.249718864621908,0.435093820484188,0.0472903985288746,120,"21"
"20-29","70+",0.00248052082839526,-0.00237562284465081,0.00733666450144133,0.00247766985074762,270,"21"
"70+","70+",0.803726668198468,0.704197611157903,0.903255725239034,0.0507810642571181,66,"21"
"10-19","70+",0,0,0,0,51,"21"
"50-59","10-19",0,0,0,0,203,"21"
"40-49","10-19",0,0,0,0,279,"21"
"30-39","10-19",0,0,0,0,387,"21"
"60-69","10-19",0,0,0,0,120,"21"
"20-29","10-19",0,0,0,0,270,"21"
"70+","10-19",0,0,0,0,66,"21"
"10-19","10-19",0.0725579377067265,0.00747206258720988,0.137643812826243,0.0332076893416949,51,"21"
"50-59","60-69",0.347361413331606,0.247914235836448,0.446808590826765,0.0507392882112046,131,"22"
"40-49","60-69",0.0126549951892152,-0.00172026223257271,0.0270302526110032,0.00733444978335221,146,"22"
"30-39","60-69",0.016599934207057,-0.0155873681435401,0.0487872365576541,0.0164223948013772,156,"22"
"60-69","60-69",0.699999577499604,0.588508138892633,0.811491016106576,0.0568844323091658,92,"22"
"20-29","60-69",0,0,0,0,91,"22"
"70+","60-69",0.0736430780659287,-0.0137834494794301,0.161069605611288,0.044606190845836,34,"22"
"10-19","60-69",0,0,0,0,5,"22"
"50-59","50-59",0.4982008711179,0.39822276520106,0.598178977034741,0.0510101750366104,131,"22"
"40-49","50-59",0.287803764911178,0.202951613914219,0.372655915908136,0.0432927092876509,146,"22"
"30-39","50-59",0.0886100733875292,0.0303972200628004,0.146822926712258,0.0297009811322577,156,"22"
"60-69","50-59",0.0649952871503851,0.0129627099589827,0.117027864341788,0.0265477210815244,92,"22"
"20-29","50-59",0,0,0,0,91,"22"
"70+","50-59",0,0,0,0,34,"22"
"10-19","50-59",0,0,0,0,5,"22"
"50-59","30-39",0.0345977261558776,-0.007226594227411,0.0764220465391662,0.021339331086282,131,"22"
"40-49","30-39",0.120782743155876,0.0606639234353905,0.180901562876362,0.0306734308358192,146,"22"
"30-39","30-39",0.558412483298118,0.468525984203309,0.648298982392926,0.045861301434017,156,"22"
"60-69","30-39",0,0,0,0,92,"22"
"20-29","30-39",0.438807533495077,0.325625973894437,0.551989093095718,0.0577467547839665,91,"22"
"70+","30-39",0,0,0,0,34,"22"
"10-19","30-39",0,0,0,0,5,"22"
"50-59","40-49",0.030747941815165,0.00117100779752989,0.0603248758328001,0.01509054975037,131,"22"
"40-49","40-49",0.56304431309809,0.461757670470011,0.66433095572617,0.0516778080755643,146,"22"
"30-39","40-49",0.297177636682924,0.220937308956731,0.373417964409117,0.0388988411662495,156,"22"
"60-69","40-49",0.0178862292169613,-0.00299912724741425,0.0387715856813368,0.0106559899207927,92,"22"
"20-29","40-49",0.0871482496454661,0.00427864064075974,0.170017858650172,0.0422811896842857,91,"22"
"70+","40-49",0,0,0,0,34,"22"
"10-19","40-49",0,0,0,0,5,"22"
"50-59","20-29",0.0273816799744863,-0.0111261239400146,0.0658894838889872,0.0196471997537942,131,"22"
"40-49","20-29",0.0157141836456407,-0.00286191537577792,0.0342902826670592,0.00947777569789266,146,"22"
"30-39","20-29",0.0391998724243717,0.00805284045213577,0.0703469043966076,0.0158916348554972,156,"22"
"60-69","20-29",0,0,0,0,92,"22"
"20-29","20-29",0.462789001325975,0.323374633281465,0.602203369370486,0.0711310866649558,91,"22"
"70+","20-29",0,0,0,0,34,"22"
"10-19","20-29",0.781277366367823,0.469534285473939,1.09302044726171,0.159055514975211,5,"22"
"50-59","70+",0.0617103676049645,0.00728498562791252,0.116135749582017,0.0277685622829565,131,"22"
"40-49","70+",0,0,0,0,146,"22"
"30-39","70+",0,0,0,0,156,"22"
"60-69","70+",0.217118906133049,0.111706487766681,0.322531324499417,0.0537828343774927,92,"22"
"20-29","70+",0,0,0,0,91,"22"
"70+","70+",0.926356921934071,0.838930394388712,1.01378344947943,0.044606190845836,34,"22"
"10-19","70+",0,0,0,0,5,"22"
"50-59","10-19",0,0,0,0,131,"22"
"40-49","10-19",0,0,0,0,146,"22"
"30-39","10-19",0,0,0,0,156,"22"
"60-69","10-19",0,0,0,0,92,"22"
"20-29","10-19",0.011255215533481,-0.0105835011976898,0.0330939322646518,0.0111424071582089,91,"22"
"70+","10-19",0,0,0,0,34,"22"
"10-19","10-19",0.218722633632177,-0.0930204472617079,0.530465714526061,0.159055514975211,5,"22"
"50-59","60-69",0.304681929660114,0.239902273250315,0.369461586069913,0.0330514524352349,223,"23"
"40-49","60-69",0.026245125443076,0.00599725797843009,0.0464929929077219,0.0103307344544892,252,"23"
"30-39","60-69",0.00844467553750274,-0.00152893944188933,0.0184182905168948,0.00508867257667114,306,"23"
"60-69","60-69",0.578753704964457,0.492863845525557,0.664643564403356,0.0438221620990936,132,"23"
"20-29","60-69",0,0,0,0,193,"23"
"70+","60-69",0.0654657187130433,0.0176064944358796,0.113324942990207,0.024418420264184,81,"23"
"10-19","60-69",0,0,0,0,22,"23"
"50-59","50-59",0.504789735201389,0.43324581670394,0.576333653698838,0.0365026699785191,223,"23"
"40-49","50-59",0.317923689594341,0.250202552097126,0.385644827091555,0.0345522356693237,252,"23"
"30-39","50-59",0.0555814554975446,0.0290735949265975,0.0820893160684916,0.0135246671775796,306,"23"
"60-69","50-59",0.103126796274655,0.0468878041093188,0.159365788439991,0.0286938906066346,132,"23"
"20-29","50-59",0.0124733984982626,-0.00635154257756244,0.0312983395740877,0.00960473826269963,193,"23"
"70+","50-59",0.0051267818403334,-0.00497912336124263,0.0152326870419094,0.00515616882824895,81,"23"
"10-19","50-59",0,0,0,0,22,"23"
"50-59","30-39",0.0360132648211316,0.00793428661882776,0.0640922430234353,0.0143262725355094,223,"23"
"40-49","30-39",0.149682964763872,0.0980914013133139,0.20127452821443,0.0263227099362569,252,"23"
"30-39","30-39",0.544409096203097,0.47928134137221,0.609536851033983,0.0332290569340079,306,"23"
"60-69","30-39",0,0,0,0,132,"23"
"20-29","30-39",0.458511481591437,0.385067745088961,0.531955218093912,0.0374719826903916,193,"23"
"70+","30-39",0,0,0,0,81,"23"
"10-19","30-39",0.0753441327096261,-0.0423461767391348,0.193034442158387,0.0600471796303846,22,"23"
"50-59","40-49",0.0954619361905475,0.0542074059802962,0.136716466400799,0.0210486164723749,223,"23"
"40-49","40-49",0.473326842490265,0.401231999613963,0.545421685366566,0.0367837590103575,252,"23"
"30-39","40-49",0.301797786434441,0.240735589019102,0.36285998384978,0.0311547548306958,306,"23"
"60-69","40-49",0.0129677829573931,-0.00562990839554333,0.0315654743103295,0.00948879239599944,132,"23"
"20-29","40-49",0.0549066679737191,0.0250705503147159,0.0847427856327223,0.0152227887320107,193,"23"
"70+","40-49",0,0,0,0,81,"23"
"10-19","40-49",0,0,0,0,22,"23"
"50-59","20-29",0.00792329691359417,-0.00310370484667805,0.0189502986738664,0.00562612468762273,223,"23"
"40-49","20-29",0.029419939555973,0.00458389109492729,0.0542559880170188,0.0126716861416584,252,"23"
"30-39","20-29",0.0807247112785853,0.0485676489111078,0.112881773646063,0.0164069659550524,306,"23"
"60-69","20-29",0,0,0,0,132,"23"
"20-29","20-29",0.465024773423293,0.394427850534213,0.535621696312373,0.0360195000754807,193,"23"
"70+","20-29",0,0,0,0,81,"23"
"10-19","20-29",0.821926002660825,0.649025424217682,0.994826581103968,0.0882162018317484,22,"23"
"50-59","70+",0.0511298372132242,0.0181949704945365,0.0840647039319118,0.0168038122018944,223,"23"
"40-49","70+",0.00340143815247376,-0.00321823304737064,0.0100211093523182,0.00337744532657719,252,"23"
"30-39","70+",0,0,0,0,306,"23"
"60-69","70+",0.305151715803496,0.223133085945497,0.387170345661494,0.041847008672073,132,"23"
"20-29","70+",0,0,0,0,193,"23"
"70+","70+",0.929407499446624,0.88043625691675,0.978378741976497,0.0249857869410624,81,"23"
"10-19","70+",0,0,0,0,22,"23"
"50-59","10-19",0,0,0,0,223,"23"
"40-49","10-19",0,0,0,0,252,"23"
"30-39","10-19",0.00904227504882948,-0.00848260072618789,0.0265671508238469,0.00894142745134674,306,"23"
"60-69","10-19",0,0,0,0,132,"23"
"20-29","10-19",0.0090836785132884,-0.00407454821791335,0.0222419052444902,0.00671350434752484,193,"23"
"70+","10-19",0,0,0,0,81,"23"
"10-19","10-19",0.102729864629549,-0.0348909208837391,0.240350650142837,0.070215976721421,22,"23"
"50-59","60-69",0.253757427775637,0.15444802286194,0.353066832689334,0.0506689947861476,144,"24"
"40-49","60-69",0.0326969968330635,0.00810048649629115,0.0572935071698358,0.0125494705672076,180,"24"
"30-39","60-69",0.0144693618100618,-0.00753682727476385,0.0364755508948874,0.0112278538067065,178,"24"
"60-69","60-69",0.543138129351354,0.414403666200009,0.671872592502699,0.0656820554697872,77,"24"
"20-29","60-69",0,0,0,0,123,"24"
"70+","60-69",0.0712207531426231,-0.00224968030733143,0.144691186592578,0.037485603832254,56,"24"
"10-19","60-69",0,0,0,0,12,"24"
"50-59","50-59",0.589844699184375,0.487904147306336,0.691785251062415,0.0520114413745015,144,"24"
"40-49","50-59",0.218200324454095,0.146984224429234,0.289416424478957,0.0363354125823766,180,"24"
"30-39","50-59",0.0593547360861806,0.0210487751078853,0.0976606970644758,0.0195442167715569,178,"24"
"60-69","50-59",0.188893364405115,0.0829576131366101,0.294829115673621,0.0540498458666144,77,"24"
"20-29","50-59",0.00503348867895549,-0.00490254541023416,0.0149695227681451,0.00506949830076666,123,"24"
"70+","50-59",0,0,0,0,56,"24"
"10-19","50-59",0,0,0,0,12,"24"
"50-59","30-39",0.0104042561974027,-0.00416334495187954,0.0249718573466849,0.00743258614147484,144,"24"
"40-49","30-39",0.23487420916336,0.141601655765207,0.328146762561512,0.0475889119054609,180,"24"
"30-39","30-39",0.630861008157551,0.545408492770743,0.71631352354436,0.0435990232784107,178,"24"
"60-69","30-39",0.0059431947107119,-0.0059221124077636,0.0178085018291874,0.0060538393623901,77,"24"
"20-29","30-39",0.430347145001384,0.336598241961371,0.524096048041397,0.047831951902939,123,"24"
"70+","30-39",0,0,0,0,56,"24"
"10-19","30-39",0,0,0,0,12,"24"
"50-59","40-49",0.101544236003209,0.0506082418445942,0.152480230161825,0.025988229661561,144,"24"
"40-49","40-49",0.437546756961965,0.32895238521171,0.546141128712221,0.055406309813259,180,"24"
"30-39","40-49",0.237299420639567,0.169015928512823,0.30558291276631,0.0348391565688732,178,"24"
"60-69","40-49",0,0,0,0,77,"24"
"20-29","40-49",0.0362960552056705,0.00416166037203035,0.0684304500393107,0.0163954006742533,123,"24"
"70+","40-49",0.0195935021093718,-0.0170298240334681,0.0562168282522117,0.0186857138354174,56,"24"
"10-19","40-49",0,0,0,0,12,"24"
"50-59","20-29",0.00573954754224495,-0.00548534753848309,0.016964442622973,0.0057270925227548,144,"24"
"40-49","20-29",0.067093515560655,0.0075534919855022,0.126633539135808,0.0303781212536541,180,"24"
"30-39","20-29",0.0580154733066401,0.0240559006919816,0.0919750459212987,0.0173266309394087,178,"24"
"60-69","20-29",0,0,0,0,77,"24"
"20-29","20-29",0.497220102743746,0.399808204514345,0.594632000973146,0.049700861341215,123,"24"
"70+","20-29",0,0,0,0,56,"24"
"10-19","20-29",0.952078967601738,0.857594216889793,1.04656371831368,0.0482073912874058,12,"24"
"50-59","70+",0.0387098332971313,0.00852596856686145,0.0688936980274011,0.0154002139673771,144,"24"
"40-49","70+",0.00958819702686099,-0.00384996223689432,0.0230263562906163,0.00685632969266466,180,"24"
"30-39","70+",0,0,0,0,178,"24"
"60-69","70+",0.262025311532819,0.138042917368626,0.386007705697011,0.0632574859243076,77,"24"
"20-29","70+",0,0,0,0,123,"24"
"70+","70+",0.909185744748005,0.83035460783155,0.98801688166446,0.0402207068794451,56,"24"
"10-19","70+",0,0,0,0,12,"24"
"50-59","10-19",0,0,0,0,144,"24"
"40-49","10-19",0,0,0,0,180,"24"
"30-39","10-19",0,0,0,0,178,"24"
"60-69","10-19",0,0,0,0,77,"24"
"20-29","10-19",0.0311032083702449,-0.00158882507783353,0.0637952418183234,0.0166799153994405,123,"24"
"70+","10-19",0,0,0,0,56,"24"
"10-19","10-19",0.0479210323982615,-0.0465637183136839,0.142405783110207,0.0482073912874058,12,"24"
"50-59","60-69",0.33019079971986,0.218063955983051,0.442317643456668,0.0572086245570075,148,"25"
"40-49","60-69",0.025413522351079,0.0034942081788916,0.0473328365232664,0.0111835290572093,181,"25"
"30-39","60-69",0.00863715832256855,-0.000743694911532441,0.0180180115566696,0.00478623755747349,214,"25"
"60-69","60-69",0.559141614283983,0.458776203450592,0.659507025117374,0.0512077832169675,99,"25"
"20-29","60-69",0,0,0,0,127,"25"
"70+","60-69",0.105969880366672,0.0107648426598352,0.201174918073508,0.0485748914050472,67,"25"
"10-19","60-69",0,0,0,0,16,"25"
"50-59","50-59",0.479127937684185,0.361474815517736,0.596781059850634,0.0600282061785226,148,"25"
"40-49","50-59",0.376427933905293,0.291766256493998,0.461089611316589,0.0431955271010568,181,"25"
"30-39","50-59",0.0658406572744106,0.0260874122480882,0.105593902300733,0.0202826405688528,214,"25"
"60-69","50-59",0.13659778253432,0.058789105973457,0.214406459095182,0.0396990338468501,99,"25"
"20-29","50-59",0,0,0,0,127,"25"
"70+","50-59",0.028282724018938,-0.0070477486845151,0.063613196722391,0.0180260826128109,67,"25"
"10-19","50-59",0,0,0,0,16,"25"
"50-59","30-39",0.00870191297997369,-0.00377311492571414,0.0211769408856615,0.00636492711299251,148,"25"
"40-49","30-39",0.0697981048734659,0.0272760524626335,0.112320157284298,0.0216953233560621,181,"25"
"30-39","30-39",0.542419218667151,0.461371584239605,0.623466853094698,0.0413515937368443,214,"25"
"60-69","30-39",0,0,0,0,99,"25"
"20-29","30-39",0.486197775145207,0.398252505008977,0.574143045281437,0.0448708602963785,127,"25"
"70+","30-39",0,0,0,0,67,"25"
"10-19","30-39",0,0,0,0,16,"25"
"50-59","40-49",0.128133035177005,0.0551434433269746,0.201122627027035,0.0372402719773235,148,"25"
"40-49","40-49",0.50494879354654,0.423959278829963,0.585938308263118,0.0413219402781951,181,"25"
"30-39","40-49",0.274247935624623,0.201989170964148,0.346506700285098,0.0368673941105261,214,"25"
"60-69","40-49",0.00299047886883974,-0.00296231312542081,0.00894327086310028,0.00303719458174508,99,"25"
"20-29","40-49",0.0371392079044721,0.00590113494876054,0.0683772808601837,0.0159380851903982,127,"25"
"70+","40-49",0,0,0,0,67,"25"
"10-19","40-49",0,0,0,0,16,"25"
"50-59","20-29",0,0,0,0,148,"25"
"40-49","20-29",0.0124309119621826,-0.00743722584892721,0.0322990497732924,0.0101369912752618,181,"25"
"30-39","20-29",0.102135123354997,0.0546041909620753,0.14966605574792,0.0242509213270448,214,"25"
"60-69","20-29",0,0,0,0,99,"25"
"20-29","20-29",0.472864391837308,0.384562107545297,0.561166676129318,0.0450530137229704,127,"25"
"70+","20-29",0,0,0,0,67,"25"
"10-19","20-29",0.897243184638629,0.753299884608909,1.04118648466835,0.0734418087093061,16,"25"
"50-59","70+",0.0474724580817815,0.00507239733112079,0.0898725188324423,0.02163308156941,148,"25"
"40-49","70+",0.0109807333614388,-0.00590031644063105,0.0278617831635087,0.00861293877603133,181,"25"
"30-39","70+",0.00671990675624889,-0.00648869593252085,0.0199285094450186,0.00673920683898149,214,"25"
"60-69","70+",0.301270124312858,0.191567207824568,0.410973040801148,0.0559719042562072,99,"25"
"20-29","70+",0,0,0,0,127,"25"
"70+","70+",0.86574739561439,0.765089093352114,0.966405697876666,0.0513572203654026,67,"25"
"10-19","70+",0,0,0,0,16,"25"
"50-59","10-19",0.00637385635719453,-0.00608837999378958,0.0188360927081786,0.00635840068964769,148,"25"
"40-49","10-19",0,0,0,0,181,"25"
"30-39","10-19",0,0,0,0,214,"25"
"60-69","10-19",0,0,0,0,99,"25"
"20-29","10-19",0.003798625113013,-0.00367420942176237,0.0112714596477884,0.00381274074101368,127,"25"
"70+","10-19",0,0,0,0,67,"25"
"10-19","10-19",0.102756815361371,-0.0411864846683493,0.246700115391091,0.0734418087093061,16,"25"
"50-59","60-69",0.257275513840588,0.192212834471204,0.322338193209973,0.0331958545578341,190,"26"
"40-49","60-69",0.043189379321027,0.0110987250932634,0.0752800335487906,0.016373083628521,183,"26"
"30-39","60-69",0,0,0,0,248,"26"
"60-69","60-69",0.572046161963586,0.464205331501813,0.679886992425359,0.0550218429075267,107,"26"
"20-29","60-69",0.00264549030691779,-0.00258149271283358,0.00787247332666916,0.00266687707579381,165,"26"
"70+","60-69",0.0506000909393899,-0.00280720529533923,0.104007387174119,0.0272491212369202,50,"26"
"10-19","60-69",0,0,0,0,16,"26"
"50-59","50-59",0.512894631599686,0.439145219200984,0.586644043998389,0.0376279426461039,190,"26"
"40-49","50-59",0.258474011068171,0.190297017044613,0.326651005091728,0.0347848198034905,183,"26"
"30-39","50-59",0.0226535562025813,0.00412698563824669,0.0411801267669159,0.0094525056125877,248,"26"
"60-69","50-59",0.0946180787839455,0.0334568661232398,0.155779291444651,0.0312052737413226,107,"26"
"20-29","50-59",0.00877239936279959,-0.00816932140367378,0.025714120129273,0.00864389391851458,165,"26"
"70+","50-59",0.037372566752694,-0.034734603498888,0.109479737004276,0.0367900486031142,50,"26"
"10-19","50-59",0,0,0,0,16,"26"
"50-59","30-39",0.0129014127320258,-0.00183903005445708,0.0276418555185086,0.0075207722706915,190,"26"
"40-49","30-39",0.139257062584517,0.0648556192881543,0.213658505880879,0.0379606175844206,183,"26"
"30-39","30-39",0.638495995439274,0.552434046809418,0.724557944069129,0.0439099643201105,248,"26"
"60-69","30-39",0,0,0,0,107,"26"
"20-29","30-39",0.434435129121846,0.323973057818727,0.544897200424964,0.0563592352586217,165,"26"
"70+","30-39",0,0,0,0,50,"26"
"10-19","30-39",0.124209812414184,-0.04759997558549,0.296019600413858,0.0876596658688056,16,"26"
"50-59","40-49",0.154889913832109,0.09763778557201,0.212142042092208,0.0292108062758788,190,"26"
"40-49","40-49",0.507282474000529,0.425621971165388,0.58894297683567,0.041664287445723,183,"26"
"30-39","40-49",0.268454688236412,0.190314969887093,0.346594406585731,0.0398679358221247,248,"26"
"60-69","40-49",0.0222984069929862,-0.00425369319882576,0.0488505071847981,0.0135472388274741,107,"26"
"20-29","40-49",0.0720188857190694,0.0302460272885672,0.113791744149572,0.0213130745054507,165,"26"
"70+","40-49",0,0,0,0,50,"26"
"10-19","40-49",0.162073608902645,-0.0555809649493814,0.379728182754672,0.111050292540505,16,"26"
"50-59","20-29",0,0,0,0,190,"26"
"40-49","20-29",0.0237625687811399,-0.000393382110951496,0.0479185196732313,0.0123246912099561,183,"26"
"30-39","20-29",0.070395760121733,0.0314993523509345,0.109292167892532,0.0198454706706901,248,"26"
"60-69","20-29",0,0,0,0,107,"26"
"20-29","20-29",0.46483851162962,0.36005514879205,0.569621874467191,0.053461881781547,165,"26"
"70+","20-29",0,0,0,0,50,"26"
"10-19","20-29",0.588569978184296,0.328289437366573,0.848850519002019,0.132798634500829,16,"26"
"50-59","70+",0.0620385279955903,0.0205807522304434,0.103496303760737,0.0211523150895428,190,"26"
"40-49","70+",0.0280345042446173,-0.00278279614717953,0.0588518046364141,0.0157234013659841,183,"26"
"30-39","70+",0,0,0,0,248,"26"
"60-69","70+",0.311037352259483,0.208261873285546,0.41381283123342,0.0524374324143794,107,"26"
"20-29","70+",0,0,0,0,165,"26"
"70+","70+",0.912027342307916,0.823886088442083,1.00016859617375,0.0449708538325602,50,"26"
"10-19","70+",0,0,0,0,16,"26"
"50-59","10-19",0,0,0,0,190,"26"
"40-49","10-19",0,0,0,0,183,"26"
"30-39","10-19",0,0,0,0,248,"26"
"60-69","10-19",0,0,0,0,107,"26"
"20-29","10-19",0.017289583859747,-0.00246366102175776,0.0370428287412518,0.0100783713564718,165,"26"
"70+","10-19",0,0,0,0,50,"26"
"10-19","10-19",0.125146600498875,-0.0200275286740188,0.270320729671769,0.0740697943013284,16,"26"
"50-59","60-69",0.336212568870157,0.252766699185459,0.419658438554855,0.042575205637914,133,"27"
"40-49","60-69",0.0839077148673092,0.0333499591832815,0.134465470551337,0.0257952473018999,194,"27"
"30-39","60-69",0.00546291946085063,-0.00525944583463874,0.01618528475634,0.00547069506382057,211,"27"
"60-69","60-69",0.447421999105411,0.328104525417049,0.566739472793774,0.0608773807220559,79,"27"
"20-29","60-69",0,0,0,0,146,"27"
"70+","60-69",0.149749981932597,0.0498774439713013,0.249622519893892,0.0509563128450712,48,"27"
"10-19","60-69",0,0,0,0,19,"27"
"50-59","50-59",0.456731242317865,0.347834574797462,0.565627909838268,0.0555605451831596,133,"27"
"40-49","50-59",0.284539975700161,0.206563685133799,0.362516266266523,0.039784552768025,194,"27"
"30-39","50-59",0.0221949719046169,0.00502803447808192,0.0393619093311519,0.00875880248920164,211,"27"
"60-69","50-59",0.103643973672175,0.0207170381474875,0.186570909196862,0.0423104384462186,79,"27"
"20-29","50-59",0.00985085768757934,-0.00937379257995215,0.0290755079551108,0.00980867527116472,146,"27"
"70+","50-59",0,0,0,0,48,"27"
"10-19","50-59",0,0,0,0,19,"27"
"50-59","30-39",0.0112431065677197,-0.010531169013762,0.0330173821492013,0.0111095284164578,133,"27"
"40-49","30-39",0.092371399678205,0.0490899272831486,0.135652872073261,0.0220827896514707,194,"27"
"30-39","30-39",0.593304726608832,0.517206272817606,0.669403180400059,0.0388264551754426,211,"27"
"60-69","30-39",0.0216085130667344,-0.0209192019527193,0.064136228086188,0.021698212495182,79,"27"
"20-29","30-39",0.447384939837173,0.363921656522651,0.530848223151695,0.042584090306184,146,"27"
"70+","30-39",0,0,0,0,48,"27"
"10-19","30-39",0,0,0,0,19,"27"
"50-59","40-49",0.145395882985668,0.0775164156265888,0.213275350344747,0.03463301769548,133,"27"
"40-49","40-49",0.524883591395473,0.443220800720766,0.606546382070181,0.0416654547322568,194,"27"
"30-39","40-49",0.258449833999258,0.195346034139989,0.321553633858528,0.0321964078712794,211,"27"
"60-69","40-49",0,0,0,0,79,"27"
"20-29","40-49",0.0417575129240662,0.00744789037205099,0.0760671354760815,0.0175052311280438,146,"27"
"70+","40-49",0.034401030953402,-0.0319732983949899,0.100775360301794,0.0338650760278986,48,"27"
"10-19","40-49",0,0,0,0,19,"27"
"50-59","20-29",0,0,0,0,133,"27"
"40-49","20-29",0.00918526255960915,-0.00143615986511844,0.0198066849843367,0.00541919265277731,194,"27"
"30-39","20-29",0.10038819983544,0.0491640078435214,0.151612391827358,0.0261352720743687,211,"27"
"60-69","20-29",0,0,0,0,79,"27"
"20-29","20-29",0.495780612433344,0.412732105751698,0.57882911911499,0.0423724656864728,146,"27"
"70+","20-29",0,0,0,0,48,"27"
"10-19","20-29",0.60167529545032,0.347032105771097,0.856318485129542,0.129922382088557,19,"27"
"50-59","70+",0.0504171992585908,0.00474359910070005,0.0960907994164816,0.0233032854267519,133,"27"
"40-49","70+",0.00511205579924203,-0.00490475548727093,0.015128867085755,0.00511071191385367,194,"27"
"30-39","70+",0.0201993481910022,-0.0023309033694159,0.0427295997514203,0.011495237534023,211,"27"
"60-69","70+",0.42732551415568,0.300467310169997,0.554183718141363,0.0647247627947883,79,"27"
"20-29","70+",0,0,0,0,146,"27"
"70+","70+",0.815848987114001,0.70182527823601,0.929872695991992,0.0581764306780101,48,"27"
"10-19","70+",0,0,0,0,19,"27"
"50-59","10-19",0,0,0,0,133,"27"
"40-49","10-19",0,0,0,0,194,"27"
"30-39","10-19",0,0,0,0,211,"27"
"60-69","10-19",0,0,0,0,79,"27"
"20-29","10-19",0.00522607711783796,-0.00503486365436286,0.0154870178900388,0.00523527006268371,146,"27"
"70+","10-19",0,0,0,0,48,"27"
"10-19","10-19",0.39832470454968,0.143681514870458,0.652967894228903,0.129922382088557,19,"27"
"50-59","60-69",0.220048992304386,0.133024222531184,0.307073762077587,0.0444012086240574,100,"28"
"40-49","60-69",0.0321042355366778,0.00308686370894892,0.0611216073644067,0.0148050535910936,174,"28"
"30-39","60-69",0.0301572128814122,-0.0127346483046728,0.0730490740674972,0.0218840047696848,159,"28"
"60-69","60-69",0.497900981442016,0.339002734428706,0.656799228455325,0.0810720239079281,51,"28"
"20-29","60-69",0.00707790510661645,-0.00660490304457246,0.0207607132578054,0.00698115284725493,105,"28"
"70+","60-69",0.10240347119258,-0.0162648409563706,0.221071783341531,0.06054616976893,35,"28"
"10-19","60-69",0,0,0,0,14,"28"
"50-59","50-59",0.499199489539646,0.387775111070566,0.610623868008726,0.0568502173243903,100,"28"
"40-49","50-59",0.330721488943344,0.245966139172719,0.415476838713969,0.0432433199993288,174,"28"
"30-39","50-59",0.0374899942632438,0.00889227967750735,0.0660877088489802,0.0145909388189332,159,"28"
"60-69","50-59",0.188667020518001,0.0628808980344291,0.314453143001572,0.064177772385491,51,"28"
"20-29","50-59",0,0,0,0,105,"28"
"70+","50-59",0.0192288636273242,-0.0179367371167586,0.056394464371407,0.01896238963432,35,"28"
"10-19","50-59",0,0,0,0,14,"28"
"50-59","30-39",0.0153784499929416,-0.0067451449955596,0.0375020449814427,0.0112877558786841,100,"28"
"40-49","30-39",0.125163559284324,0.0687293183447592,0.181597800223889,0.0287935091586943,174,"28"
"30-39","30-39",0.51393203268783,0.427897127819417,0.599966937556244,0.043896166229097,159,"28"
"60-69","30-39",0.0243660172301512,-0.0233972686915427,0.0721293031518452,0.0243694712241881,51,"28"
"20-29","30-39",0.505963008156883,0.400711223158024,0.611214793155742,0.0537008770717581,105,"28"
"70+","30-39",0.024943309750995,-0.0240263952397542,0.0739130147417441,0.0249850024679106,35,"28"
"10-19","30-39",0.0389313838017865,-0.0412385139567098,0.119101281560283,0.0409037606766585,14,"28"
"50-59","40-49",0.164787283702667,0.0737635870648853,0.255810980340449,0.0464415149236237,100,"28"
"40-49","40-49",0.482276332906278,0.402772593417506,0.56178007239505,0.0405638777630034,174,"28"
"30-39","40-49",0.315665410787123,0.232668441421073,0.398662380153172,0.0423461706545218,159,"28"
"60-69","40-49",0.0205227915334969,-0.0197161322461326,0.0607617153131264,0.0205304404045325,51,"28"
"20-29","40-49",0.0484913659914981,0.00552317089963215,0.0914595610833641,0.0219229513556339,105,"28"
"70+","40-49",0,0,0,0,35,"28"
"10-19","40-49",0,0,0,0,14,"28"
"50-59","20-29",0.0108189273767715,-0.0103310149866872,0.0319688697402302,0.0107909852070175,100,"28"
"40-49","20-29",0.0178569178545935,-0.00372586618820657,0.0394397018973935,0.0110118268565353,174,"28"
"30-39","20-29",0.0888675282510809,0.0382698569113137,0.139465199590848,0.0258156128066002,159,"28"
"60-69","20-29",0,0,0,0,51,"28"
"20-29","20-29",0.438467720745002,0.334747046824119,0.542188394665884,0.0529196835957282,105,"28"
"70+","20-29",0,0,0,0,35,"28"
"10-19","20-29",0.767178109532663,0.501198141437876,1.03315807762745,0.13570655899435,14,"28"
"50-59","70+",0.0897668570835883,0.0263596297457593,0.153174084421417,0.0323512206540411,100,"28"
"40-49","70+",0.0118774654747823,-0.00455490529148716,0.0283098362410517,0.00838401669412594,174,"28"
"30-39","70+",0,0,0,0,159,"28"
"60-69","70+",0.268543189276336,0.130293629392939,0.406792749159733,0.0705367858664201,51,"28"
"20-29","70+",0,0,0,0,105,"28"
"70+","70+",0.853424355429101,0.723766529829143,0.983082181029058,0.0661531674166883,35,"28"
"10-19","70+",0,0,0,0,14,"28"
"50-59","10-19",0,0,0,0,100,"28"
"40-49","10-19",0,0,0,0,174,"28"
"30-39","10-19",0.0138878211293101,-0.0126571008383758,0.040432743096996,0.0135435764009282,159,"28"
"60-69","10-19",0,0,0,0,51,"28"
"20-29","10-19",0,0,0,0,105,"28"
"70+","10-19",0,0,0,0,35,"28"
"10-19","10-19",0.193890506665551,-0.0565903452031479,0.44437135853425,0.127798701325361,14,"28"
"50-59","60-69",0.333957314270576,0.24329826034692,0.424616368194233,0.0462554693039076,165,"29"
"40-49","60-69",0.0479010709515614,0.0157972291399931,0.0800049127631296,0.0163798121112425,217,"29"
"30-39","60-69",0,0,0,0,203,"29"
"60-69","60-69",0.4724442874844,0.330372437783532,0.614516137185268,0.0724869695675597,86,"29"
"20-29","60-69",0,0,0,0,120,"29"
"70+","60-69",0.164002118106104,0.0323833370064832,0.295620899205724,0.0671536733010467,44,"29"
"10-19","60-69",0,0,0,0,14,"29"
"50-59","50-59",0.490794564459664,0.39054062011817,0.591048508801157,0.0511509115128053,165,"29"
"40-49","50-59",0.329974841852799,0.243581964317478,0.41636771938812,0.0440788087009645,217,"29"
"30-39","50-59",0.065576677141802,0.0198949426252195,0.111258411658384,0.0233074356860198,203,"29"
"60-69","50-59",0.0838800848001058,0.026243349256366,0.141516820343846,0.0294070380876236,86,"29"
"20-29","50-59",0.0177726717480563,-0.00762611687888871,0.0431714603750013,0.0129588037470522,120,"29"
"70+","50-59",0,0,0,0,44,"29"
"10-19","50-59",0,0,0,0,14,"29"
"50-59","30-39",0.045330384232607,0.00142618485188858,0.0892345836133255,0.0224005133395456,165,"29"
"40-49","30-39",0.15674795160853,0.0972403233453074,0.216255579871753,0.0303615927295661,217,"29"
"30-39","30-39",0.641317320593349,0.552861787936745,0.729772853249953,0.0451312031008378,203,"29"
"60-69","30-39",0,0,0,0,86,"29"
"20-29","30-39",0.393194265450407,0.288292816873117,0.498095714027696,0.0535221307150225,120,"29"
"70+","30-39",0,0,0,0,44,"29"
"10-19","30-39",0.1187387513995,-0.100675977482302,0.338153480281302,0.11194834732297,14,"29"
"50-59","40-49",0.0996722958079362,0.0492874080162091,0.150057183599663,0.0257070477769779,165,"29"
"40-49","40-49",0.439765984172423,0.358534440040389,0.520997528304458,0.0414454269429328,217,"29"
"30-39","40-49",0.254095721323157,0.18077153319225,0.327419909454065,0.0374109875024638,203,"29"
"60-69","40-49",0.00297885683258795,-0.00147543657164491,0.0074331502368208,0.00227264043593033,86,"29"
"20-29","40-49",0.10675367298516,0.0363055885626637,0.177201757407657,0.0359435606869218,120,"29"
"70+","40-49",0.0246961142519151,-0.0237227022834339,0.0731149307872641,0.024703931764701,44,"29"
"10-19","40-49",0,0,0,0,14,"29"
"50-59","20-29",0,0,0,0,165,"29"
"40-49","20-29",0.0256101514146862,-0.00909351092394688,0.0603138137533193,0.0177062755297399,217,"29"
"30-39","20-29",0.0390102809416916,0.00919736869158038,0.0688231931918027,0.0152109490201206,203,"29"
"60-69","20-29",0,0,0,0,86,"29"
"20-29","20-29",0.482279389816377,0.370471459698408,0.594087319934347,0.0570459105370795,120,"29"
"70+","20-29",0,0,0,0,44,"29"
"10-19","20-29",0.841904817230697,0.614908545630076,1.06890108883132,0.11581655244236,14,"29"
"50-59","70+",0.0260564257650916,0.00115212530890828,0.050960726221275,0.0127065092280396,165,"29"
"40-49","70+",0,0,0,0,217,"29"
"30-39","70+",0,0,0,0,203,"29"
"60-69","70+",0.440696770882906,0.289646000196804,0.591747541569008,0.0770681358828892,86,"29"
"20-29","70+",0,0,0,0,120,"29"
"70+","70+",0.811301767641981,0.671028921768591,0.951574613515372,0.0715690936057218,44,"29"
"10-19","70+",0,0,0,0,14,"29"
"50-59","10-19",0.00418901546412526,-0.00408979795487482,0.0124678288831253,0.00422396201374225,165,"29"
"40-49","10-19",0,0,0,0,217,"29"
"30-39","10-19",0,0,0,0,203,"29"
"60-69","10-19",0,0,0,0,86,"29"
"20-29","10-19",0,0,0,0,120,"29"
"70+","10-19",0,0,0,0,44,"29"
"10-19","10-19",0.0393564313698032,-0.0246032090642496,0.103316071803856,0.032633069249516,14,"29"
"50-59","60-69",0.273348991455742,0.198629057260324,0.34806892565116,0.038123115927027,225,"31"
"40-49","60-69",0.0573289724889843,0.0259506491718422,0.0887072958061265,0.0160096428121386,329,"31"
"30-39","60-69",0.00517937863475384,-0.000760014956257653,0.0111187722257653,0.00303035853610611,284,"31"
"60-69","60-69",0.53498085654695,0.430267498427325,0.639694214666575,0.053426164432403,157,"31"
"20-29","60-69",0,0,0,0,156,"31"
"70+","60-69",0.162410124524736,0.0417048235196988,0.283115425529773,0.0615854688949109,78,"31"
"10-19","60-69",0,0,0,0,8,"31"
"50-59","50-59",0.52041229008514,0.423353246465394,0.617471333704885,0.0495208301710311,225,"31"
"40-49","50-59",0.319182012145868,0.246369900077067,0.391994124214669,0.0371497194046085,329,"31"
"30-39","50-59",0.0427830628576409,0.0113448722405465,0.0742212534747352,0.0160401879142039,284,"31"
"60-69","50-59",0.126640806120723,0.0510960375222401,0.202185574719206,0.038543957539205,157,"31"
"20-29","50-59",0,0,0,0,156,"31"
"70+","50-59",0.0276707695726914,-0.0103324129102159,0.0656739520555987,0.0193897351087426,78,"31"
"10-19","50-59",0,0,0,0,8,"31"
"50-59","30-39",0.0287009390438468,-0.00160445962065721,0.0590063377083509,0.0154622222160964,225,"31"
"40-49","30-39",0.107811024438124,0.0510972726543939,0.164524776221853,0.0289361193527435,329,"31"
"30-39","30-39",0.53908968063981,0.45450051198165,0.62367884929797,0.0431585321594626,284,"31"
"60-69","30-39",0.0420114463610188,-0.0188717086399205,0.102894601361958,0.0310634049815088,157,"31"
"20-29","30-39",0.473422592190368,0.379261272308992,0.567583912071745,0.048042372525265,156,"31"
"70+","30-39",0,0,0,0,78,"31"
"10-19","30-39",0,0,0,0,8,"31"
"50-59","40-49",0.147665905763433,0.0813153895623383,0.214016421964527,0.0338529262396957,225,"31"
"40-49","40-49",0.499487542366028,0.420069094063548,0.578905990668508,0.0405203610520003,329,"31"
"30-39","40-49",0.328647131880624,0.263003572270209,0.39429069149104,0.0334922274736697,284,"31"
"60-69","40-49",0,0,0,0,157,"31"
"20-29","40-49",0.0474127122484205,0.00754155699208069,0.0872838675047602,0.0203427999549167,156,"31"
"70+","40-49",0,0,0,0,78,"31"
"10-19","40-49",0.114014303203283,-0.100884824511684,0.328913430918251,0.109644426841546,8,"31"
"50-59","20-29",0.00179021718959402,-0.000639807559206086,0.00422024193839412,0.00123983132749776,225,"31"
"40-49","20-29",0.00579246362523801,-0.00122961133477127,0.0128145385852473,0.00358275714013038,329,"31"
"30-39","20-29",0.0766570843897222,0.0365738265972584,0.116740342182186,0.020451017523095,284,"31"
"60-69","20-29",0,0,0,0,157,"31"
"20-29","20-29",0.479164695561211,0.385760527340515,0.572568863781907,0.0476560635590532,156,"31"
"70+","20-29",0,0,0,0,78,"31"
"10-19","20-29",0.758990768179373,0.454434144681551,1.0635473916772,0.155388887704125,8,"31"
"50-59","70+",0.0280816564622447,0.00555669848664988,0.0506066144378396,0.0114925366758108,225,"31"
"40-49","70+",0.0103979849357589,-0.00212459157639304,0.0229205614479109,0.00638918705186852,329,"31"
"30-39","70+",0.00764366159744873,-0.00721494355880072,0.0225022667536982,0.00758106030184852,284,"31"
"60-69","70+",0.296366890971308,0.197437383581946,0.39529639836067,0.0504751659569795,157,"31"
"20-29","70+",0,0,0,0,156,"31"
"70+","70+",0.809919105902573,0.68557386696678,0.934264344838366,0.0634426142095532,78,"31"
"10-19","70+",0,0,0,0,8,"31"
"50-59","10-19",0,0,0,0,225,"31"
"40-49","10-19",0,0,0,0,329,"31"
"30-39","10-19",0,0,0,0,284,"31"
"60-69","10-19",0,0,0,0,157,"31"
"20-29","10-19",0,0,0,0,156,"31"
"70+","10-19",0,0,0,0,78,"31"
"10-19","10-19",0.126994928617343,-0.110580839124542,0.364570696359228,0.121214353741116,8,"31"
"50-59","60-69",0.34861055059181,0.261838336848719,0.435382764334901,0.0442723511388675,165,"32"
"40-49","60-69",0.047921613658374,0.0137941281342156,0.0820490991825324,0.0174123023654269,184,"32"
"30-39","60-69",0.00330377491325081,-0.00127819803408931,0.00788574786059092,0.00233778425699764,209,"32"
"60-69","60-69",0.552487033118793,0.42544397189486,0.679530094342727,0.0648190794453536,104,"32"
"20-29","60-69",0,0,0,0,105,"32"
"70+","60-69",0.191896465804386,0.0423434247252427,0.341449506883528,0.0763039740825843,42,"32"
"10-19","60-69",0,0,0,0,10,"32"
"50-59","50-59",0.484459993260216,0.389430883272605,0.579489103247827,0.0484851307152522,165,"32"
"40-49","50-59",0.283044918955521,0.212260841927916,0.353828995983126,0.0361149886354755,184,"32"
"30-39","50-59",0.032724196324847,0.00629682548716219,0.0591515671625318,0.0134836002325249,209,"32"
"60-69","50-59",0.077414993131011,0.0281245964020588,0.126705389859963,0.0251486237082664,104,"32"
"20-29","50-59",0.0449600937576477,-0.00685880468811003,0.0967789922034054,0.0264386993100376,105,"32"
"70+","50-59",0.0366213830118768,-0.0340503488354124,0.107293114859166,0.0360576686126576,42,"32"
"10-19","50-59",0,0,0,0,10,"32"
"50-59","30-39",0.0140739675345993,-0.000179931787634459,0.0283278668568331,0.00727253124785289,165,"32"
"40-49","30-39",0.178826191658374,0.112952749863961,0.244699633452787,0.0336095164574524,184,"32"
"30-39","30-39",0.562800216413071,0.483719802869603,0.64188062995654,0.0403478911690444,209,"32"
"60-69","30-39",0.0268547116386539,-0.0109111084400072,0.0646205317173151,0.0192686296159282,104,"32"
"20-29","30-39",0.414722931816485,0.322471249511506,0.506974614121464,0.0470680497359384,105,"32"
"70+","30-39",0,0,0,0,42,"32"
"10-19","30-39",0,0,0,0,10,"32"
"50-59","40-49",0.102229408614934,0.0458749771726554,0.158583840057213,0.0287527892791886,165,"32"
"40-49","40-49",0.483017861317376,0.403006165069958,0.563029557564794,0.0408230441368007,184,"32"
"30-39","40-49",0.34646966784025,0.263351319711193,0.429588015969306,0.0424080997327929,209,"32"
"60-69","40-49",0.0407888381647643,-0.00333916512325986,0.0849168414527885,0.0225147011047653,104,"32"
"20-29","40-49",0.0718813527551635,0.0136628415941248,0.130099863916202,0.0297038678364801,105,"32"
"70+","40-49",0.0266462139727611,-0.0253306890425131,0.0786231169880353,0.0265193153676605,42,"32"
"10-19","40-49",0,0,0,0,10,"32"
"50-59","20-29",0,0,0,0,165,"32"
"40-49","20-29",0.00478388088875212,-0.00464731283369967,0.0142150746112039,0.00481192195205823,184,"32"
"30-39","20-29",0.0547021445085826,0.0220851372986756,0.0873191517184896,0.016641636003103,209,"32"
"60-69","20-29",0,0,0,0,104,"32"
"20-29","20-29",0.468435621670704,0.367146145024698,0.56972509831671,0.0516792540296477,105,"32"
"70+","20-29",0,0,0,0,42,"32"
"10-19","20-29",0.584196339754934,0.259858041330982,0.908534638178886,0.165481764451945,10,"32"
"50-59","70+",0.0506260799984398,0.0066719799679571,0.0945801800289224,0.0224259733225646,165,"32"
"40-49","70+",0.00240553352160328,-0.002305268562907,0.00711633560611355,0.00240351461642585,184,"32"
"30-39","70+",0,0,0,0,209,"32"
"60-69","70+",0.302454423946777,0.16826454273561,0.436644305157945,0.0684654831770584,104,"32"
"20-29","70+",0,0,0,0,105,"32"
"70+","70+",0.744835937210976,0.583311870039906,0.906360004382047,0.0824117526878819,42,"32"
"10-19","70+",0,0,0,0,10,"32"
"50-59","10-19",0,0,0,0,165,"32"
"40-49","10-19",0,0,0,0,184,"32"
"30-39","10-19",0,0,0,0,209,"32"
"60-69","10-19",0,0,0,0,104,"32"
"20-29","10-19",0,0,0,0,105,"32"
"70+","10-19",0,0,0,0,42,"32"
"10-19","10-19",0.415803660245065,0.0914653618211133,0.740141958669018,0.165481764451945,10,"32"
"50-59","60-69",0.285578355162208,0.223561972108843,0.347594738215574,0.031641593183621,271,"33"
"40-49","60-69",0.0566909119801047,0.0278198027364387,0.0855620212237707,0.0147304284524602,240,"33"
"30-39","60-69",0.00917708559879918,-0.00411605268144173,0.0224702238790401,0.00678233803533917,275,"33"
"60-69","60-69",0.529168521214784,0.448135693715187,0.610201348714381,0.0413440390429486,176,"33"
"20-29","60-69",0,0,0,0,133,"33"
"70+","60-69",0.265102808631546,0.156213600770067,0.373992016493025,0.0555567391647924,73,"33"
"10-19","60-69",0,0,0,0,7,"33"
"50-59","50-59",0.552774491428237,0.487581036662605,0.61796794619387,0.0332625779248343,271,"33"
"40-49","50-59",0.307859588452835,0.242967812603242,0.372751364302428,0.0331086572822006,240,"33"
"30-39","50-59",0.0435273283278396,0.0163111708561792,0.0707434857995,0.0138860497878216,275,"33"
"60-69","50-59",0.17274002463592,0.105877137422263,0.239602911849577,0.0341143448252432,176,"33"
"20-29","50-59",0.0100180701235833,-0.00468287201433175,0.0247190122614983,0.00750061850823493,133,"33"
"70+","50-59",0.020853153837558,-0.0106683528660404,0.0523746605411564,0.0160826969027166,73,"33"
"10-19","50-59",0,0,0,0,7,"33"
"50-59","30-39",0.0285196902653379,0.00837413573646913,0.0486652447942067,0.0102785330178383,271,"33"
"40-49","30-39",0.1175057013981,0.0735022014791916,0.161509201317009,0.0224511778104102,240,"33"
"30-39","30-39",0.582212799002061,0.51795288559297,0.646472712411153,0.0327862725621317,275,"33"
"60-69","30-39",0,0,0,0,176,"33"
"20-29","30-39",0.430816272077188,0.345191747142051,0.516440797012325,0.0436867848646875,133,"33"
"70+","30-39",0,0,0,0,73,"33"
"10-19","30-39",0.209949564441602,-0.0751995976844316,0.495098726567636,0.145486939747492,7,"33"
"50-59","40-49",0.0899814194670284,0.0523529478651275,0.127609891068929,0.0191985525747971,271,"33"
"40-49","40-49",0.50039241642212,0.432085443950505,0.568699388893734,0.0348511365567995,240,"33"
"30-39","40-49",0.329651256709032,0.263449286596595,0.395853226821468,0.0337771360262888,275,"33"
"60-69","40-49",0.0149229455284827,-0.00196411523883568,0.031810006295801,0.00861600565139019,176,"33"
"20-29","40-49",0.0684788189515482,0.0213498818243125,0.115607756078784,0.0240458179328716,133,"33"
"70+","40-49",0,0,0,0,73,"33"
"10-19","40-49",0,0,0,0,7,"33"
"50-59","20-29",0,0,0,0,271,"33"
"40-49","20-29",0.00811045978531432,-0.00314572334753709,0.0193666429181657,0.0057430561079891,240,"33"
"30-39","20-29",0.0333515030875565,0.00828994073441567,0.0584130654406974,0.0127867463641288,275,"33"
"60-69","20-29",0,0,0,0,176,"33"
"20-29","20-29",0.490686838847681,0.39820905391428,0.583164623781082,0.0471834103396053,133,"33"
"70+","20-29",0,0,0,0,73,"33"
"10-19","20-29",0.735630562558304,0.425060492708339,1.04620063240827,0.158457028955482,7,"33"
"50-59","70+",0.0431460436771869,0.0185138430016322,0.0677782443527417,0.0125676802583366,271,"33"
"40-49","70+",0.00944092196152589,-0.00180385510103086,0.0206856990240826,0.00573723657743413,240,"33"
"30-39","70+",0.00208002727471119,-0.00199667274332951,0.00615672729275189,0.00207998720904934,275,"33"
"60-69","70+",0.283168508620813,0.215306391792882,0.351030625448745,0.0346241652210036,176,"33"
"20-29","70+",0,0,0,0,133,"33"
"70+","70+",0.714044037530897,0.603203772911429,0.824884302150364,0.056552194577942,73,"33"
"10-19","70+",0,0,0,0,7,"33"
"50-59","10-19",0,0,0,0,271,"33"
"40-49","10-19",0,0,0,0,240,"33"
"30-39","10-19",0,0,0,0,275,"33"
"60-69","10-19",0,0,0,0,176,"33"
"20-29","10-19",0,0,0,0,133,"33"
"70+","10-19",0,0,0,0,73,"33"
"10-19","10-19",0.0544198730000937,-0.0566213516358917,0.165461097636079,0.0566547270826732,7,"33"
"50-59","60-69",0.253764031342643,0.202370615823126,0.305157446862161,0.0262216121953781,301,"35"
"40-49","60-69",0.0428973737377221,0.0125428031408293,0.0732519443346149,0.0154873103977041,362,"35"
"30-39","60-69",0.0022130589544191,-0.000997018701875626,0.00542313661071383,0.00163782481801472,455,"35"
"60-69","60-69",0.534699789664965,0.446183341463628,0.623216237866303,0.0451622830314966,208,"35"
"20-29","60-69",0,0,0,0,200,"35"
"70+","60-69",0.0539987100377848,0.0154754747491941,0.0925219453263755,0.0196550730485137,108,"35"
"10-19","60-69",0,0,0,0,11,"35"
"50-59","50-59",0.591968634167268,0.527317966017107,0.65661930231743,0.0329856408893826,301,"35"
"40-49","50-59",0.289490616551445,0.22807165391701,0.35090957918588,0.0313367812464412,362,"35"
"30-39","50-59",0.0501619936839841,0.0257333519959879,0.0745906353719803,0.0124638217236062,455,"35"
"60-69","50-59",0.162258643188123,0.0995017079865404,0.225015578389706,0.032019432855196,208,"35"
"20-29","50-59",0.0190456272501891,0.000683763153176302,0.0374074913472019,0.0093684701565176,200,"35"
"70+","50-59",0.067677801635577,0.00918767535358331,0.126167927917571,0.0298424495262956,108,"35"
"10-19","50-59",0,0,0,0,11,"35"
"50-59","30-39",0.0113951953803276,-0.00163347723310604,0.0244238679937612,0.00664740409323953,301,"35"
"40-49","30-39",0.164315692119647,0.0991764603699431,0.229454923869351,0.0332349126124327,362,"35"
"30-39","30-39",0.585891719522206,0.534334926932566,0.637448512111845,0.0263049693751074,455,"35"
"60-69","30-39",0,0,0,0,208,"35"
"20-29","30-39",0.511856524594856,0.418407036338183,0.60530601285153,0.0476791864512771,200,"35"
"70+","30-39",0,0,0,0,108,"35"
"10-19","30-39",0.145408818770566,-0.113168974626303,0.403986612167435,0.131929869852966,11,"35"
"50-59","40-49",0.0792549427298184,0.0429235277764802,0.115586357683157,0.0185367768183068,301,"35"
"40-49","40-49",0.482932789707923,0.411223594501331,0.554641984914516,0.0365869963796405,362,"35"
"30-39","40-49",0.301042594092094,0.249142606334635,0.352942581849553,0.0264800721680803,455,"35"
"60-69","40-49",0,0,0,0,208,"35"
"20-29","40-49",0.0399239750226501,0.00939275557171261,0.0704551944735876,0.0155774390201881,200,"35"
"70+","40-49",0,0,0,0,108,"35"
"10-19","40-49",0.0458459280207281,-0.0447494370220509,0.136441293063507,0.0462229743798273,11,"35"
"50-59","20-29",0,0,0,0,301,"35"
"40-49","20-29",0.013262513274854,0.00031620301940955,0.0262088235302985,0.00660538170984944,362,"35"
"30-39","20-29",0.0594830847363056,0.0321272158194251,0.0868389536531861,0.0139573324472593,455,"35"
"60-69","20-29",0,0,0,0,208,"35"
"20-29","20-29",0.428633845152714,0.338510818225135,0.518756872080293,0.0459819811172338,200,"35"
"70+","20-29",0,0,0,0,108,"35"
"10-19","20-29",0.698869715077213,0.394135150529925,1.0036042796245,0.155479675622101,11,"35"
"50-59","70+",0.0636171963799432,0.0216738879962947,0.105560504763592,0.0214000403652781,301,"35"
"40-49","70+",0.00710101460840924,-4.12939816979204e-05,0.0142433231985164,0.00364410195618123,362,"35"
"30-39","70+",0,0,0,0,455,"35"
"60-69","70+",0.303041567146912,0.217768754329792,0.388314379964032,0.0435073366091116,208,"35"
"20-29","70+",0,0,0,0,200,"35"
"70+","70+",0.878323488326638,0.810761559254445,0.945885417398832,0.0344710053884222,108,"35"
"10-19","70+",0,0,0,0,11,"35"
"50-59","10-19",0,0,0,0,301,"35"
"40-49","10-19",0,0,0,0,362,"35"
"30-39","10-19",0.00120754901099068,-0.00116817795832793,0.0035832759803093,0.00121212786972518,455,"35"
"60-69","10-19",0,0,0,0,208,"35"
"20-29","10-19",0.000540027979591196,-0.000524454261819193,0.00160451022100159,0.000543113164224899,200,"35"
"70+","10-19",0,0,0,0,108,"35"
"10-19","10-19",0.109875538131492,-0.0933177574807817,0.313068833743766,0.103671953778251,11,"35"
"50-59","60-69",0.304339992491703,0.226400476063087,0.382279508920318,0.0397657901080798,200,"41"
"40-49","60-69",0.0275445467256307,0.00617445970878296,0.0489146337424784,0.0109033059716465,258,"41"
"30-39","60-69",0.0034165429312144,-0.00134955606523347,0.00818264192766227,0.00243172784502279,272,"41"
"60-69","60-69",0.540940774493996,0.439550280756524,0.642331268231469,0.0517307943090935,137,"41"
"20-29","60-69",0,0,0,0,166,"41"
"70+","60-69",0.0504692096241905,-0.00764562479222661,0.108584044040608,0.029650970566204,60,"41"
"10-19","60-69",0,0,0,0,7,"41"
"50-59","50-59",0.569201405177914,0.488957611495669,0.64944519886016,0.0409414633713673,200,"41"
"40-49","50-59",0.327736816224504,0.256979309599646,0.398494322849363,0.0361014320584382,258,"41"
"30-39","50-59",0.0681747596868603,0.0304191448555099,0.105930374518211,0.019263422761419,272,"41"
"60-69","50-59",0.160692237726854,0.0714151909244162,0.249969284529291,0.0455503506730958,137,"41"
"20-29","50-59",0,0,0,0,166,"41"
"70+","50-59",0,0,0,0,60,"41"
"10-19","50-59",0,0,0,0,7,"41"
"50-59","30-39",0.00854184647285105,-0.00342276801386637,0.0205064609595685,0.00610450731803889,200,"41"
"40-49","30-39",0.0941728727512903,0.0482916029274592,0.140054142575121,0.0234092412849097,258,"41"
"30-39","30-39",0.648247948800668,0.578404729531244,0.718091168070092,0.0356349503461994,272,"41"
"60-69","30-39",0,0,0,0,137,"41"
"20-29","30-39",0.427393404875618,0.328797426998937,0.525989382752299,0.050304994711328,166,"41"
"70+","30-39",0,0,0,0,60,"41"
"10-19","30-39",0.305538344679199,-0.0938341563706948,0.704910845729092,0.203765224361311,7,"41"
"50-59","40-49",0.0844930438738138,0.0366061733692853,0.132379914378342,0.0244325257414187,200,"41"
"40-49","40-49",0.549190942042073,0.47710249425326,0.621279389830886,0.0367804961506627,258,"41"
"30-39","40-49",0.23007572599916,0.170966040301346,0.289185411696974,0.0301585570776116,272,"41"
"60-69","40-49",0.0279864200463974,-0.0109147066948801,0.0668875467876748,0.0198478783529313,137,"41"
"20-29","40-49",0.0243776788367758,0.00589264496268399,0.0428627127108677,0.00943131303426973,166,"41"
"70+","40-49",0.0137877676914645,-0.0133317870828341,0.0409073224657631,0.0138367617916524,60,"41"
"10-19","40-49",0,0,0,0,7,"41"
"50-59","20-29",0,0,0,0,200,"41"
"40-49","20-29",0.00135482225650188,-0.00131095965409597,0.00402060416709973,0.00136011780401334,258,"41"
"30-39","20-29",0.0500850225820968,0.0183566608917848,0.0818133842724088,0.0161882371005698,272,"41"
"60-69","20-29",0,0,0,0,137,"41"
"20-29","20-29",0.540360402606775,0.440762790342797,0.639958014870753,0.0508160420546454,166,"41"
"70+","20-29",0,0,0,0,60,"41"
"10-19","20-29",0.382260602620484,0.00394567736085688,0.760575527880111,0.193021365822906,7,"41"
"50-59","70+",0.0334237119837186,-0.00691985468722722,0.0737672786546645,0.0205838306158535,200,"41"
"40-49","70+",0,0,0,0,258,"41"
"30-39","70+",0,0,0,0,272,"41"
"60-69","70+",0.270380567732752,0.179956900155078,0.360804235310426,0.046135372022611,137,"41"
"20-29","70+",0,0,0,0,166,"41"
"70+","70+",0.935743022684345,0.871774546449251,0.999711498919439,0.0326375773941097,60,"41"
"10-19","70+",0,0,0,0,7,"41"
"50-59","10-19",0,0,0,0,200,"41"
"40-49","10-19",0,0,0,0,258,"41"
"30-39","10-19",0,0,0,0,272,"41"
"60-69","10-19",0,0,0,0,137,"41"
"20-29","10-19",0.00786851368083145,-0.00145390897076309,0.017190936332426,0.00475642548798275,166,"41"
"70+","10-19",0,0,0,0,60,"41"
"10-19","10-19",0.312201052700318,-0.0551662140184815,0.679568319419117,0.18743572311356,7,"41"
"50-59","60-69",0.298041452802756,0.232784080368948,0.363298825236564,0.0332951895792726,224,"42"
"40-49","60-69",0.020228055838985,-0.00154890049523611,0.0420050121732061,0.0111108961725802,228,"42"
"30-39","60-69",0,0,0,0,257,"42"
"60-69","60-69",0.673173060229393,0.596718895203533,0.749627225255253,0.039007943834132,163,"42"
"20-29","60-69",0,0,0,0,146,"42"
"70+","60-69",0.131111085768959,0.0183382031962441,0.243883968341674,0.0575382422647829,57,"42"
"10-19","60-69",0,0,0,0,13,"42"
"50-59","50-59",0.577851292638163,0.506424995913553,0.649277589362773,0.0364426577671894,224,"42"
"40-49","50-59",0.330987441464494,0.2619747465212,0.400000136407788,0.0352112056587047,228,"42"
"30-39","50-59",0.0229843285323341,0.00273966436021061,0.0432289927044576,0.0103291000915378,257,"42"
"60-69","50-59",0.0977275278268018,0.0427013908112364,0.152753664842367,0.0280750755879213,163,"42"
"20-29","50-59",0.0125983476302487,-0.011090925459653,0.0362876207201504,0.0120865859152309,146,"42"
"70+","50-59",0.0252995655130898,-0.0239167077304243,0.0745158387566039,0.0251108049085217,57,"42"
"10-19","50-59",0,0,0,0,13,"42"
"50-59","30-39",0.0212305054015286,-0.00247767661831716,0.0449386874213743,0.0120962335057444,224,"42"
"40-49","30-39",0.10622247562415,0.0608556715601505,0.151589279688149,0.0231467539311165,228,"42"
"30-39","30-39",0.570550557849876,0.500779952621181,0.640321163078571,0.0355979016854579,257,"42"
"60-69","30-39",0.00855464136041636,-0.00801832724065133,0.025127609961484,0.00845575160145449,163,"42"
"20-29","30-39",0.445451344490593,0.348309040437229,0.542593648543956,0.0495633107646923,146,"42"
"70+","30-39",0,0,0,0,57,"42"
"10-19","30-39",0.204357137521595,-0.0429723613445771,0.451686636387767,0.126190838615952,13,"42"
"50-59","40-49",0.0962899469100723,0.0564103936280642,0.13616950019208,0.0203470847406243,224,"42"
"40-49","40-49",0.522006489116292,0.448464213442281,0.595548764790304,0.0375222587017432,228,"42"
"30-39","40-49",0.340964209327701,0.273117892239483,0.40881052641592,0.0346161039811861,257,"42"
"60-69","40-49",0.0105515224568984,-0.00461556317179183,0.0257186080855887,0.0077384511900863,163,"42"
"20-29","40-49",0.0203709776880725,-0.000461596295267333,0.0412035516714124,0.0106290595886784,146,"42"
"70+","40-49",0,0,0,0,57,"42"
"10-19","40-49",0,0,0,0,13,"42"
"50-59","20-29",0,0,0,0,224,"42"
"40-49","20-29",0.0145722925730897,-0.00403044064402843,0.0331750257902078,0.00949136482295293,228,"42"
"30-39","20-29",0.0655009042900879,0.0292086188240855,0.10179318975609,0.0185168124273054,257,"42"
"60-69","20-29",0,0,0,0,163,"42"
"20-29","20-29",0.514221515026396,0.413765896374746,0.614677133678046,0.051253808459763,146,"42"
"70+","20-29",0,0,0,0,57,"42"
"10-19","20-29",0.795642862478405,0.548313363612233,1.04297236134458,0.126190838615952,13,"42"
"50-59","70+",0.00658680224748052,-0.00416788994983243,0.0173414944447935,0.00548718868415164,224,"42"
"40-49","70+",0.00277714058464303,-0.00267837368434617,0.00823265485363224,0.00278347679448276,228,"42"
"30-39","70+",0,0,0,0,257,"42"
"60-69","70+",0.20999324812649,0.142277375840241,0.277709120412738,0.0345495492878352,163,"42"
"20-29","70+",0,0,0,0,146,"42"
"70+","70+",0.84358934871795,0.72413004799312,0.963048649442782,0.0609497427846179,57,"42"
"10-19","70+",0,0,0,0,13,"42"
"50-59","10-19",0,0,0,0,224,"42"
"40-49","10-19",0.00320610479834651,-0.00295170769469128,0.0093639172913843,0.00314179879916663,228,"42"
"30-39","10-19",0,0,0,0,257,"42"
"60-69","10-19",0,0,0,0,163,"42"
"20-29","10-19",0.00735781516469046,-0.00713109570757621,0.0218467260369571,0.00739243730321238,146,"42"
"70+","10-19",0,0,0,0,57,"42"
"10-19","10-19",0,0,0,0,13,"42"
"50-59","60-69",0.272107248615123,0.199923858373815,0.34429063885643,0.0368289370675589,192,"43"
"40-49","60-69",0.036728053223519,0.00629488448005048,0.0671612219669875,0.0155274122297764,192,"43"
"30-39","60-69",0.00639867854450928,-0.00609534367042371,0.0188927007594423,0.00637461826517439,236,"43"
"60-69","60-69",0.562382411645292,0.459402976806507,0.665361846484077,0.0525414934412437,120,"43"
"20-29","60-69",0,0,0,0,115,"43"
"70+","60-69",0.163842342669193,0.0498813435779637,0.277803341760422,0.0581444353009233,66,"43"
"10-19","60-69",0,0,0,0,11,"43"
"50-59","50-59",0.517342501311345,0.436624238624983,0.598060763997708,0.0411835438421614,192,"43"
"40-49","50-59",0.285249941440547,0.21256321656172,0.357936666319374,0.0370857451729575,192,"43"
"30-39","50-59",0.053182342272132,0.019087328895626,0.087277355648638,0.0173957346387194,236,"43"
"60-69","50-59",0.176664879619182,0.0904151070985179,0.262914652139846,0.044005794596733,120,"43"
"20-29","50-59",0,0,0,0,115,"43"
"70+","50-59",0.0151431362137136,-0.0144652179567086,0.0447514903841358,0.0151065807351406,66,"43"
"10-19","50-59",0,0,0,0,11,"43"
"50-59","30-39",0.0262104287222087,-0.00384219143034021,0.0562630488747576,0.0153332512176755,192,"43"
"40-49","30-39",0.0736814562050346,0.0347682695500256,0.112594642860044,0.0198540314832065,192,"43"
"30-39","30-39",0.593240584575062,0.520189824265135,0.666291344884988,0.0372714809487019,236,"43"
"60-69","30-39",0,0,0,0,120,"43"
"20-29","30-39",0.361298747149659,0.259785929677706,0.462811564621612,0.0517932055245265,115,"43"
"70+","30-39",0,0,0,0,66,"43"
"10-19","30-39",0.237146851050363,-0.0518885981012252,0.526182300201952,0.147469775685402,11,"43"
"50-59","40-49",0.144073994467385,0.0863125815464296,0.20183540738834,0.0294706501632528,192,"43"
"40-49","40-49",0.561612014769076,0.488512604344506,0.634711425193646,0.0372963028918741,192,"43"
"30-39","40-49",0.247268417456769,0.188657698222349,0.305879136691189,0.0299039776734338,236,"43"
"60-69","40-49",0.0074038645101467,-0.00717293832847482,0.0219806673487682,0.0074372809672022,120,"43"
"20-29","40-49",0.0411134607386258,0.00176991272567437,0.0804570087515773,0.0200736076393691,115,"43"
"70+","40-49",0,0,0,0,66,"43"
"10-19","40-49",0,0,0,0,11,"43"
"50-59","20-29",0,0,0,0,192,"43"
"40-49","20-29",0.0292372096263496,0.00065114083057392,0.0578232784221254,0.0145849969801787,192,"43"
"30-39","20-29",0.0999099771515279,0.0499212525791647,0.149898701723891,0.0255049199713198,236,"43"
"60-69","20-29",0,0,0,0,120,"43"
"20-29","20-29",0.597587792111715,0.489028711977675,0.706146872245755,0.0553883035557491,115,"43"
"70+","20-29",0,0,0,0,66,"43"
"10-19","20-29",0.26345618068816,-0.0314147448990311,0.558327106275352,0.150447114290413,11,"43"
"50-59","70+",0.0402658268839389,0.00868391912781138,0.0718477346400664,0.0161135143325294,192,"43"
"40-49","70+",0.013491324735473,-0.01234020739645,0.039322856867396,0.0131795953066887,192,"43"
"30-39","70+",0,0,0,0,236,"43"
"60-69","70+",0.253548844225379,0.165565665946557,0.341532022504202,0.0448902015408563,120,"43"
"20-29","70+",0,0,0,0,115,"43"
"70+","70+",0.821014521117094,0.704490969401482,0.937538072832705,0.0594518841339608,66,"43"
"10-19","70+",0,0,0,0,11,"43"
"50-59","10-19",0,0,0,0,192,"43"
"40-49","10-19",0,0,0,0,192,"43"
"30-39","10-19",0,0,0,0,236,"43"
"60-69","10-19",0,0,0,0,120,"43"
"20-29","10-19",0,0,0,0,115,"43"
"70+","10-19",0,0,0,0,66,"43"
"10-19","10-19",0.499396968261476,0.162039265768735,0.836754670754218,0.172124439608981,11,"43"
"50-59","60-69",0.311267433767113,0.235226609684624,0.387308257849601,0.038797051722526,124,"50"
"40-49","60-69",0.0289566288809623,0.000788585634693216,0.0571246721272315,0.0143717147194821,159,"50"
"30-39","60-69",0.0135891250670054,-0.00227198079360452,0.0294502309276152,0.00809254965178965,201,"50"
"60-69","60-69",0.521043799096788,0.394570394251498,0.647517203942078,0.0645284330951467,96,"50"
"20-29","60-69",0,0,0,0,136,"50"
"70+","60-69",0.0682651590900626,-0.00669154101474922,0.143221859194874,0.0382439170801406,48,"50"
"10-19","60-69",0,0,0,0,21,"50"
"50-59","50-59",0.587154014992739,0.496343642611724,0.677964387373755,0.046332674017133,124,"50"
"40-49","50-59",0.281944556047177,0.200092192456381,0.363796919637973,0.0417621773851138,159,"50"
"30-39","50-59",0.0430932294860363,0.0142016406204809,0.0719848183515917,0.0147408774311409,201,"50"
"60-69","50-59",0.19245281867655,0.0992854798515542,0.285620157501546,0.0475352300143717,96,"50"
"20-29","50-59",0.00951685970350844,-0.00895196404863306,0.0279856834556499,0.00942304241191227,136,"50"
"70+","50-59",0.0538123516116727,-0.0104252514691583,0.118049954692504,0.0327748895324246,48,"50"
"10-19","50-59",0,0,0,0,21,"50"
"50-59","30-39",0.00516607899726331,-0.0048942087422334,0.01522636673676,0.00513289418522533,124,"50"
"40-49","30-39",0.132460023290495,0.0726321395134327,0.192287907067558,0.0305249914023815,159,"50"
"30-39","30-39",0.590158872849668,0.514140167760136,0.666177577939199,0.0387857663146654,201,"50"
"60-69","30-39",0,0,0,0,96,"50"
"20-29","30-39",0.393797529361997,0.301186564047234,0.48640849467676,0.0472513607623747,136,"50"
"70+","30-39",0,0,0,0,48,"50"
"10-19","30-39",0.0378074508562052,-0.0357531477693783,0.111368049481789,0.0375316073182059,21,"50"
"50-59","40-49",0.0688826270964895,0.0312558539887575,0.106509400204221,0.0191976859802156,124,"50"
"40-49","40-49",0.526297753844175,0.442653686955076,0.609941820733273,0.0426763285187238,159,"50"
"30-39","40-49",0.286728740622681,0.214517393155282,0.358940088090079,0.0368432012205287,201,"50"
"60-69","40-49",0,0,0,0,96,"50"
"20-29","40-49",0.0647917519268731,0.0205417082766094,0.109041795577137,0.0225769677398679,136,"50"
"70+","40-49",0.0313873931133635,-0.0272010307698033,0.0899758169965304,0.0298926022851975,48,"50"
"10-19","40-49",0,0,0,0,21,"50"
"50-59","20-29",0.00536915879130137,-0.00513649981247255,0.0158748173950753,0.00536012839350172,124,"50"
"40-49","20-29",0.015335289211634,-0.00700528131917274,0.0376758597424407,0.0113984597201919,159,"50"
"30-39","20-29",0.0664300319746096,0.02946310297508,0.103396960974139,0.0188610246367382,201,"50"
"60-69","20-29",0,0,0,0,96,"50"
"20-29","20-29",0.519138680472367,0.425502285979318,0.612775074965416,0.0477745485282592,136,"50"
"70+","20-29",0,0,0,0,48,"50"
"10-19","20-29",0.708352881810842,0.506785343958835,0.90992041966285,0.102842470291264,21,"50"
"50-59","70+",0.0221606863550941,-0.00400166689285029,0.0483230396030386,0.0133483846919177,124,"50"
"40-49","70+",0.0150057487255564,-0.00170113600651602,0.0317126334576288,0.00852407741359239,159,"50"
"30-39","70+",0,0,0,0,201,"50"
"60-69","70+",0.286503382226662,0.187768456103558,0.385238308349766,0.0503758879764691,96,"50"
"20-29","70+",0,0,0,0,136,"50"
"70+","70+",0.846535096184901,0.712252413784399,0.980817778585404,0.0685128315926758,48,"50"
"10-19","70+",0,0,0,0,21,"50"
"50-59","10-19",0,0,0,0,124,"50"
"40-49","10-19",0,0,0,0,159,"50"
"30-39","10-19",0,0,0,0,201,"50"
"60-69","10-19",0,0,0,0,96,"50"
"20-29","10-19",0.0127551785352546,-0.00190648269241144,0.0274168397629206,0.00748057685922564,136,"50"
"70+","10-19",0,0,0,0,48,"50"
"10-19","10-19",0.253839667332953,0.060695700891865,0.44698363377404,0.0985446508020467,21,"50"
"50-59","60-69",0.318208909334782,0.21907652109683,0.417341297572734,0.0505786784960824,135,"51"
"40-49","60-69",0.0641107978453946,0.0196179928222245,0.108603602868565,0.0227008278591462,168,"51"
"30-39","60-69",0.0146928590086434,-0.00806864646026044,0.0374543644775471,0.0116132263900988,182,"51"
"60-69","60-69",0.669621339153194,0.520489317189177,0.818753361117212,0.0760891644644248,61,"51"
"20-29","60-69",0,0,0,0,124,"51"
"70+","60-69",0.0556268709009401,-0.0119156361508972,0.123169377952777,0.0344610960122758,25,"51"
"10-19","60-69",0,0,0,0,14,"51"
"50-59","50-59",0.423672057972843,0.328628326002819,0.518715789942867,0.0484925910474463,135,"51"
"40-49","50-59",0.292642137109513,0.20837824576796,0.376906028451066,0.0429925712952973,168,"51"
"30-39","50-59",0.036707591103865,-0.00241095393803736,0.0758261361457673,0.0199588080956918,182,"51"
"60-69","50-59",0.119040911615661,0.0369493734701762,0.201132449761145,0.0418842074614698,61,"51"
"20-29","50-59",0.0106234941967611,-0.00987852857475125,0.0311255169682734,0.0104604079122013,124,"51"
"70+","50-59",0.0358299429466138,-0.0340010996119348,0.105660985505163,0.0356287376244498,25,"51"
"10-19","50-59",0,0,0,0,14,"51"
"50-59","30-39",0.0171491093343631,-0.00753944770773878,0.0418376663764649,0.0125964340349323,135,"51"
"40-49","30-39",0.10408762666049,0.0515499064484759,0.156625346872505,0.0268054518483122,168,"51"
"30-39","30-39",0.532295787950256,0.456548856561793,0.608042719338718,0.0386471037151423,182,"51"
"60-69","30-39",0,0,0,0,61,"51"
"20-29","30-39",0.463503435694379,0.355286866951896,0.571720004436861,0.0552135496346265,124,"51"
"70+","30-39",0,0,0,0,25,"51"
"10-19","30-39",0.0982275267618057,-0.0404335548273277,0.236888608350939,0.0707467497785032,14,"51"
"50-59","40-49",0.215694415917913,0.12018477916165,0.311204052674175,0.0487303019390307,135,"51"
"40-49","40-49",0.501927810716288,0.408660592298733,0.595195029133843,0.0475861899265675,168,"51"
"30-39","40-49",0.301706624580644,0.227551720779562,0.375861528381725,0.0378348298162649,182,"51"
"60-69","40-49",0.0587742417100159,-0.0403640463339838,0.157912529754016,0.0505816886565212,61,"51"
"20-29","40-49",0.0421777720698691,-0.00625487578217735,0.0906104199219156,0.024710988688607,124,"51"
"70+","40-49",0,0,0,0,25,"51"
"10-19","40-49",0,0,0,0,14,"51"
"50-59","20-29",0,0,0,0,135,"51"
"40-49","20-29",0.0132191987297164,0.00084777272943448,0.0255906247299984,0.0063120680266914,168,"51"
"30-39","20-29",0.114597137356593,0.0606525615656206,0.168541713147565,0.0275232484966459,182,"51"
"60-69","20-29",0,0,0,0,61,"51"
"20-29","20-29",0.435424569181399,0.335551052432759,0.535298085930038,0.0509568122355455,124,"51"
"70+","20-29",0,0,0,0,25,"51"
"10-19","20-29",0.760385630428338,0.493369755859434,1.02740150499724,0.13623509241756,14,"51"
"50-59","70+",0.0252755074400995,-0.0106752621319087,0.0612262770121077,0.018342566422436,135,"51"
"40-49","70+",0.0240124289385984,-0.00209139595415613,0.050116253831353,0.0133185227374881,168,"51"
"30-39","70+",0,0,0,0,182,"51"
"60-69","70+",0.152563507521129,0.065855811093313,0.239271203948945,0.0442394335364096,61,"51"
"20-29","70+",0,0,0,0,124,"51"
"70+","70+",0.908543186152446,0.811385467845713,1.00570090445918,0.0495711753241899,25,"51"
"10-19","70+",0,0,0,0,14,"51"
"50-59","10-19",0,0,0,0,135,"51"
"40-49","10-19",0,0,0,0,168,"51"
"30-39","10-19",0,0,0,0,182,"51"
"60-69","10-19",0,0,0,0,61,"51"
"20-29","10-19",0.0482707288575932,-0.00296542235550767,0.0995068800706941,0.0261413738299505,124,"51"
"70+","10-19",0,0,0,0,25,"51"
"10-19","10-19",0.141386842809857,-0.109059987324762,0.391833672944475,0.127781342978805,14,"51"
"50-59","60-69",0.353624732583377,0.262409007716061,0.444840457450692,0.0465394903104411,146,"52"
"40-49","60-69",0.0182777340531893,0.00316296574136715,0.0333925023650115,0.00771175819099002,166,"52"
"30-39","60-69",0.00624506222619663,-0.00256221922377767,0.0150523436761709,0.00449359351469977,169,"52"
"60-69","60-69",0.540708840239618,0.408782344965439,0.672635335513797,0.067310673213793,86,"52"
"20-29","60-69",0,0,0,0,112,"52"
"70+","60-69",0.0794483298126556,-0.0148232990418897,0.173719958667201,0.0480986536477955,32,"52"
"10-19","60-69",0,0,0,0,16,"52"
"50-59","50-59",0.481531586413875,0.376016643276474,0.587046529551277,0.0538351438953419,146,"52"
"40-49","50-59",0.320810003910903,0.222569575171706,0.419050432650101,0.0501235887567862,166,"52"
"30-39","50-59",0.0289391288955862,0.00329639537360779,0.0545818624175645,0.0130832677152463,169,"52"
"60-69","50-59",0.116911474066658,0.0403949435625296,0.193428004570787,0.0390397635403922,86,"52"
"20-29","50-59",0.0062323360256807,-0.0058649846886773,0.0183296567400387,0.00617221582119882,112,"52"
"70+","50-59",0.0204937726358178,-0.0195581084668292,0.0605456537384647,0.0204350087137167,32,"52"
"10-19","50-59",0,0,0,0,16,"52"
"50-59","30-39",0.0124561613868175,-0.00264823066136111,0.0275605534349962,0.00770646408164648,146,"52"
"40-49","30-39",0.199542095966168,0.0842099447280345,0.314874247204301,0.058844015577765,166,"52"
"30-39","30-39",0.615172530327239,0.530472101546985,0.699872959107493,0.0432152985709737,169,"52"
"60-69","30-39",0.00340964845805558,-0.00332091939707732,0.0101402163131885,0.00343402629243331,86,"52"
"20-29","30-39",0.5019996843188,0.40597287526916,0.59802649336844,0.0489941702026603,112,"52"
"70+","30-39",0,0,0,0,32,"52"
"10-19","30-39",0.0522304186362718,-0.0520542954177354,0.156515132690279,0.0532074644618941,16,"52"
"50-59","40-49",0.0844186604614824,0.0297245641995946,0.13911275672337,0.0279056639271476,146,"52"
"40-49","40-49",0.424187158312617,0.335634511931684,0.512739804693551,0.0451807518298427,166,"52"
"30-39","40-49",0.324826931726258,0.242437129646105,0.407216733806412,0.042036385734653,169,"52"
"60-69","40-49",0.035335928880599,0.000257382550862238,0.0704144752103357,0.0178975463867866,86,"52"
"20-29","40-49",0.105791117409598,0.0472568976669023,0.164325337152294,0.0298649466033083,112,"52"
"70+","40-49",0,0,0,0,32,"52"
"10-19","40-49",0,0,0,0,16,"52"
"50-59","20-29",0.00481510559056705,-0.00463979564282804,0.0142700068239621,0.00482401784317168,146,"52"
"40-49","20-29",0.0184938813553086,-0.00233490106578413,0.0393226637764013,0.0106271250825972,166,"52"
"30-39","20-29",0.0248163468247192,0.0068146487378625,0.042818044911576,0.0091847086114091,169,"52"
"60-69","20-29",0,0,0,0,86,"52"
"20-29","20-29",0.381392067403198,0.282937489616385,0.479846645190011,0.0502328504826673,112,"52"
"70+","20-29",0,0,0,0,32,"52"
"10-19","20-29",0.947769581363728,0.843484867309721,1.05205429541774,0.0532074644618941,16,"52"
"50-59","70+",0.0631537535638814,0.017166780505201,0.109140726622562,0.0234631724977702,146,"52"
"40-49","70+",0.018689126401813,-0.000369061119993543,0.0377473139236195,0.00972374373821922,166,"52"
"30-39","70+",0,0,0,0,169,"52"
"60-69","70+",0.303634108355069,0.183213257909105,0.424054958801034,0.0614403383918422,86,"52"
"20-29","70+",0,0,0,0,112,"52"
"70+","70+",0.900057897551527,0.79763414116196,1.00248165394109,0.0522579788187294,32,"52"
"10-19","70+",0,0,0,0,16,"52"
"50-59","10-19",0,0,0,0,146,"52"
"40-49","10-19",0,0,0,0,166,"52"
"30-39","10-19",0,0,0,0,169,"52"
"60-69","10-19",0,0,0,0,86,"52"
"20-29","10-19",0.00458479484272243,-0.00446155773353562,0.0136311474189805,0.00461557082049187,112,"52"
"70+","10-19",0,0,0,0,32,"52"
"10-19","10-19",0,0,0,0,16,"52"
"50-59","60-69",0.183212984792339,0.107191192229466,0.259234777355212,0.0387873415851125,97,"53"
"40-49","60-69",0.061285228381893,0.0187971140424124,0.103773342721374,0.0216780076953563,151,"53"
"30-39","60-69",0,0,0,0,145,"53"
"60-69","60-69",0.644779793480048,0.46849385466891,0.821065732291186,0.0899434582480387,51,"53"
"20-29","60-69",0,0,0,0,83,"53"
"70+","60-69",0.0194398562263912,-0.018815050106056,0.0576947625588384,0.0195181680042067,27,"53"
"10-19","60-69",0,0,0,0,8,"53"
"50-59","50-59",0.593057074816776,0.488464669588958,0.697649480044595,0.0533644526393496,97,"53"
"40-49","50-59",0.194920064064876,0.123957473281518,0.265882654848235,0.0362060687559069,151,"53"
"30-39","50-59",0.0613981396110737,0.0214583659421084,0.101337913280039,0.0203778099924311,145,"53"
"60-69","50-59",0.0967512734715217,0.0192184101344131,0.17428413680863,0.0395583102284929,51,"53"
"20-29","50-59",0.0103639649748946,-0.0100714577347134,0.0307993876845027,0.0104264276643857,83,"53"
"70+","50-59",0,0,0,0,27,"53"
"10-19","50-59",0.0670990797629452,-0.065676829689052,0.199874989214942,0.0677440557578183,8,"53"
"50-59","30-39",0.0220018840901912,-0.0101676153471775,0.05417138352756,0.0164133115154756,97,"53"
"40-49","30-39",0.0696994189004206,0.0287149024198441,0.110683935380997,0.0209108518339404,151,"53"
"30-39","30-39",0.599809437599064,0.503325261964588,0.69629361323354,0.0492275247889912,145,"53"
"60-69","30-39",0,0,0,0,51,"53"
"20-29","30-39",0.381458495225017,0.234364103360623,0.52855288708941,0.0750495381673618,83,"53"
"70+","30-39",0,0,0,0,27,"53"
"10-19","30-39",0.0704462258353443,-0.0690578353377201,0.209950287008409,0.0711768493061376,8,"53"
"50-59","40-49",0.157424757310427,0.0813254841359562,0.233524030484898,0.0388268732358003,97,"53"
"40-49","40-49",0.664034597274482,0.586693050997985,0.741376143550979,0.0394606976896296,151,"53"
"30-39","40-49",0.263664333123077,0.180849866587961,0.346478799658194,0.0422530552542529,145,"53"
"60-69","40-49",0.015480086751674,-0.0150936218560043,0.0460537953593523,0.0155991175597306,51,"53"
"20-29","40-49",0.0664957705990179,0.00660910999608583,0.12638243120195,0.0305549801298955,83,"53"
"70+","40-49",0,0,0,0,27,"53"
"10-19","40-49",0,0,0,0,8,"53"
"50-59","20-29",0.0304967575360755,-0.00530094361098538,0.0662944586831364,0.0182644688521976,97,"53"
"40-49","20-29",0.00516541711618462,-0.00500713509505412,0.0153379693274234,0.00519017302944265,151,"53"
"30-39","20-29",0.0751280896667852,0.0337173669140042,0.116538812419566,0.0211283080094448,145,"53"
"60-69","20-29",0,0,0,0,51,"53"
"20-29","20-29",0.541681769201071,0.383235292125214,0.700128246276928,0.080841524806406,83,"53"
"70+","20-29",0,0,0,0,27,"53"
"10-19","20-29",0.495276698730099,0.100710153524151,0.889843243936046,0.201313161016344,8,"53"
"50-59","70+",0.0138065414541916,-0.00541781396488985,0.0330308968732731,0.00980852483551778,97,"53"
"40-49","70+",0.00489527426214441,-0.00474790195526156,0.0145384504795504,0.00492007827361631,151,"53"
"30-39","70+",0,0,0,0,145,"53"
"60-69","70+",0.242988846296756,0.0694573773881589,0.416520315205353,0.0885380906370685,51,"53"
"20-29","70+",0,0,0,0,83,"53"
"70+","70+",0.980560143773609,0.942305237441161,1.01881505010606,0.0195181680042067,27,"53"
"10-19","70+",0,0,0,0,8,"53"
"50-59","10-19",0,0,0,0,97,"53"
"40-49","10-19",0,0,0,0,151,"53"
"30-39","10-19",0,0,0,0,145,"53"
"60-69","10-19",0,0,0,0,51,"53"
"20-29","10-19",0,0,0,0,83,"53"
"70+","10-19",0,0,0,0,27,"53"
"10-19","10-19",0.367177995671612,-0.0249093573817217,0.759265348724945,0.200048243817779,8,"53"
